RK,PLAYER,POS,GP,1,2,3,4,5,6,7,8,9,10,11,12,13,14,15,16,17,18,AVG,TTL
1,Patrick Mahomes II   KC,QB,17,34.9,17.3,18.1,24.4,30.5,21.6,27.9,BYE,35.1,32.1,27.5,19.4,19.8,22.8,32.7,23.8,26.5,15.0,25.3,429.4
2,Josh Allen   BUF,QB,17,33.5,29.7,26.7,24.5,36.2,26.4,BYE,19.6,26.8,21.6,12.6,30.9,16.9,20.6,35.9,25.0,2.7,22.8,24.2,412.2
3,Jalen Hurts   PHI,QB,15,24.7,34.0,27.6,17.0,27.7,16.9,BYE,28.4,20.0,22.8,24.2,29.8,34.4,30.4,36.7,—,—,9.5,25.6,384.0
4,Austin Ekeler   LAC,RB,17,11.2,18.4,13.3,34.9,35.9,24.3,36.7,BYE,24.1,13.3,18.0,25.0,13.2,24.4,15.0,23.9,32.1,9.0,21.9,372.7
5,Joe Burrow   CIN,QB,17,22.2,16.6,23.0,20.1,18.3,32.5,39.2,14.5,19.1,BYE,28.7,18.0,30.0,17.6,25.8,25.5,6.3,11.6,21.7,369.0
6,Justin Jefferson   MIN,WR,17,39.4,10.8,4.4,31.0,30.3,16.7,BYE,15.8,25.5,35.3,6.3,29.3,18.6,33.3,30.3,31.3,2.5,7.8,21.7,368.7
7,Christian McCaffrey   SF,RB,17,15.7,16.8,13.5,25.8,23.4,22.8,8.2,40.3,BYE,17.7,17.6,8.9,28.6,29.3,25.8,13.8,31.3,16.9,21.0,356.4
8,Tyreek Hill   MIA,WR,17,18.0,42.0,5.3,25.9,13.0,29.7,14.2,31.5,27.3,15.4,BYE,15.0,29.6,18.1,21.9,14.3,15.7,4.3,20.1,341.2
9,Davante Adams   LV,WR,17,30.1,9.2,14.2,19.5,27.4,BYE,17.5,1.2,36.6,27.6,33.1,14.4,37.7,10.1,6.8,3.5,34.3,12.3,19.7,335.5
10,Josh Jacobs   LV,RB,17,8.3,9.1,14.7,34.5,30.3,BYE,36.5,7.4,11.7,22.6,19.0,48.3,21.0,19.4,13.0,6.0,19.5,7.0,19.3,328.3
11,Stefon Diggs   BUF,WR,17,26.2,44.8,14.4,10.2,24.2,30.8,BYE,22.8,14.3,24.8,14.8,21.7,22.2,6.7,10.7,4.6,4.6,23.4,18.9,321.2
12,Travis Kelce   KC,TE,17,26.1,10.1,17.9,24.2,33.5,19.2,15.8,BYE,20.6,20.1,35.5,15.7,7.6,11.1,20.5,17.3,11.3,9.8,18.6,316.3
13,Geno Smith   SEA,QB,17,17.2,7.1,19.9,31.7,24.0,12.7,14.1,19.1,21.8,19.2,BYE,20.3,24.0,22.6,15.3,13.2,17.1,15.6,18.5,314.9
14,Justin Fields   CHI,QB,15,14.6,9.8,6.9,10.2,17.0,19.4,24.4,26.0,42.7,40.4,23.6,—,21.3,BYE,23.6,9.9,17.2,—,20.5,307.0
15,Kirk Cousins   MIN,QB,17,19.1,11.8,18.3,13.9,23.2,16.5,BYE,23.5,17.4,17.5,2.2,22.9,11.8,25.0,34.4,24.2,10.9,13.0,18.0,305.6
16,Trevor Lawrence   JAC,QB,17,14.4,18.5,25.2,6.7,12.3,24.9,18.7,8.8,16.7,21.0,BYE,24.9,16.4,33.4,27.8,18.3,5.5,10.2,17.9,303.6
17,Derrick Henry   TEN,RB,16,8.2,8.5,25.3,23.7,27.2,BYE,16.8,35.8,23.5,8.7,25.4,14.7,5.8,20.5,26.3,18.6,—,13.8,18.9,302.8
18,CeeDee Lamb   DAL,WR,17,4.9,15.1,22.7,21.7,10.3,12.7,10.6,18.8,BYE,38.0,9.5,17.7,20.4,8.3,19.7,34.0,21.0,16.2,17.7,301.6
19,A.J. Brown   PHI,WR,17,25.5,11.9,19.5,14.5,6.2,17.7,BYE,39.6,15.9,1.7,9.0,12.6,31.9,17.0,27.1,16.3,19.7,13.5,17.6,299.6
20,Daniel Jones   NYG,QB,16,17.0,13.1,14.7,21.6,12.4,13.5,28.8,9.0,BYE,18.3,26.6,14.5,17.1,19.4,9.9,21.8,36.2,—,18.4,294.0
21,Jared Goff   DET,QB,17,16.5,26.0,14.9,34.2,6.9,BYE,3.5,18.6,12.4,14.8,6.5,17.6,21.6,26.1,14.1,25.7,22.4,9.5,17.1,291.3
21,Justin Herbert   LAC,QB,17,23.3,24.5,13.6,21.1,14.4,9.4,19.1,BYE,13.1,13.0,20.7,28.8,18.1,19.5,10.7,6.5,16.7,18.8,17.1,291.3
23,Saquon Barkley   NYG,RB,16,33.4,11.8,22.6,18.2,19.6,18.5,17.5,15.2,BYE,23.0,5.5,15.2,19.1,6.8,23.0,27.3,7.3,—,17.8,284.0
24,Nick Chubb   CLE,RB,17,15.3,32.3,17.3,20.7,25.4,8.0,18.7,25.4,BYE,15.1,9.7,20.2,8.0,8.4,9.9,11.2,12.6,23.2,16.6,281.4
25,Tom Brady   TB,QB,17,11.4,9.4,14.7,25.4,19.7,13.7,11.7,17.1,15.2,17.0,BYE,18.0,18.1,12.1,18.6,13.3,37.7,7.4,16.5,280.7
26,Amon-Ra St. Brown   DET,WR,16,20.4,39.4,13.3,—,5.8,BYE,1.4,13.9,9.5,22.1,15.0,27.9,34.6,13.4,15.2,14.6,10.2,10.9,16.7,267.6
27,Jaylen Waddle   MIA,WR,17,17.7,40.1,15.1,5.9,5.3,16.9,12.8,30.6,19.5,10.6,BYE,13.5,1.9,5.1,20.4,25.3,8.2,10.3,15.2,259.2
28,DeVonta Smith   PHI,WR,17,0.0,15.0,30.9,4.7,18.7,15.4,BYE,7.3,4.2,13.9,13.8,9.0,21.2,17.4,17.6,31.3,20.5,13.7,15.0,254.6
29,Aaron Rodgers   GB,QB,17,4.7,16.4,17.1,17.1,16.9,11.8,15.8,16.2,16.6,19.4,19.1,11.5,13.7,BYE,11.9,14.3,16.6,12.2,14.8,251.2
30,Rhamondre Stevenson   NE,RB,17,4.7,6.1,20.1,12.9,19.5,25.1,23.8,21.3,16.0,BYE,14.2,20.2,13.8,3.0,24.8,3.3,7.1,13.2,14.7,249.1
31,Tony Pollard   DAL,RB,16,4.2,19.8,10.5,1.8,14.6,7.2,12.9,33.7,BYE,21.8,36.9,8.1,24.6,22.2,14.6,14.0,—,1.9,15.6,248.8
32,Aaron Jones Sr.   GB,RB,17,10.6,32.0,5.7,14.5,10.0,7.4,28.6,19.7,6.5,23.6,14.0,18.9,10.0,BYE,20.6,5.4,13.3,7.8,14.6,248.6
33,Amari Cooper   CLE,WR,17,4.7,25.1,23.1,1.9,20.6,14.4,10.4,23.1,BYE,6.2,31.3,16.4,8.0,6.2,9.8,13.2,25.5,7.1,14.5,247.0
34,Lamar Jackson   BAL,QB,12,21.2,42.6,40.4,15.1,15.8,17.1,10.7,21.8,17.5,BYE,16.5,23.1,1.3,—,—,—,—,—,20.3,243.1
35,Ja'Marr Chase   CIN,WR,13,28.9,10.8,12.7,12.1,12.0,32.2,33.0,—,—,BYE,—,—,16.7,28.5,19.0,13.9,0.0,22.6,18.6,242.4
36,Christian Kirk   JAC,WR,17,17.7,25.8,19.2,8.3,2.1,10.8,17.1,7.0,21.6,31.5,BYE,8.1,16.4,9.5,15.2,5.6,4.1,21.9,14.2,241.9
37,Joe Mixon   CIN,RB,15,21.5,11.3,6.8,17.4,11.8,16.8,18.1,12.9,55.1,BYE,9.2,—,—,12.6,10.4,17.8,1.2,17.8,16.0,240.7
38,Tua Tagovailoa   MIA,QB,13,14.8,40.9,11.4,3.4,—,—,15.9,29.2,24.1,23.4,BYE,16.0,15.8,12.6,18.1,13.4,—,—,18.4,238.9
39,Dalvin Cook   MIN,RB,17,13.8,7.6,13.6,10.6,26.1,15.3,BYE,25.1,13.6,23.6,7.2,9.6,16.3,8.6,27.0,10.7,6.4,2.7,14.0,237.8
40,Tyler Lockett   SEA,WR,16,5.8,19.7,16.6,13.1,27.4,3.7,11.5,15.3,17.7,13.2,BYE,15.8,27.8,17.0,13.8,—,3.5,15.4,14.8,237.3
41,Russell Wilson   DEN,QB,15,17.8,12.1,9.1,27.5,11.2,13.8,—,14.8,BYE,15.2,10.7,8.5,9.7,26.6,—,11.3,24.6,24.1,15.8,236.8
42,Derek Carr   LV,QB,15,16.8,19.0,20.8,11.5,17.9,BYE,13.5,2.9,18.4,17.9,20.3,22.8,17.0,4.6,20.2,9.4,—,—,15.5,233.1
43,Terry McLaurin   WAS,WR,17,13.8,12.2,16.2,3.5,12.6,8.2,18.3,16.6,10.6,20.8,9.6,9.3,24.5,BYE,13.0,17.7,5.7,16.4,13.5,229.0
44,Brandon Aiyuk   SF,WR,17,6.7,11.3,12.9,7.7,8.8,28.3,15.2,20.1,BYE,12.4,16.0,11.5,9.6,13.7,3.9,13.1,26.7,9.9,13.4,227.8
45,Leonard Fournette   TB,RB,16,15.7,9.4,12.0,18.4,35.9,22.1,4.6,14.8,11.0,11.8,BYE,—,14.1,10.6,11.4,25.2,8.7,1.4,14.2,227.1
46,DK Metcalf   SEA,WR,17,8.6,7.5,17.4,21.9,17.8,5.4,2.2,17.5,14.7,13.1,BYE,20.0,26.7,18.1,12.5,15.1,1.3,7.0,13.3,226.8
47,Jamaal Williams   DET,RB,17,16.0,7.0,24.7,23.9,5.6,BYE,7.3,22.6,10.1,11.9,24.4,10.6,9.5,3.7,3.3,3.4,22.7,19.2,13.3,225.9
48,Mike Evans   TB,WR,15,18.1,9.1,—,30.3,12.1,8.2,18.6,18.3,9.0,10.4,BYE,5.1,9.9,8.4,13.3,5.9,48.7,—,15.0,225.4
49,Najee Harris   PIT,RB,17,10.6,13.9,13.1,7.4,6.6,12.9,11.0,12.0,BYE,9.9,27.6,10.9,10.2,13.0,14.6,15.5,20.3,14.0,13.1,223.5
50,Tee Higgins   CIN,WR,15,4.7,19.1,14.3,25.4,—,10.7,14.3,13.9,13.0,BYE,23.8,24.4,12.5,—,16.3,26.8,2.3,1.7,14.9,223.2
51,Chris Godwin Jr.   TB,WR,15,6.5,—,—,12.9,12.3,15.5,11.5,13.5,10.7,19.1,BYE,29.0,14.3,10.4,22.3,14.3,21.0,9.5,14.9,222.8
52,Miles Sanders   PHI,RB,17,18.5,11.6,5.4,29.6,8.4,14.2,BYE,13.8,15.3,5.4,5.8,31.0,11.8,28.5,1.9,6.1,6.1,3.3,12.7,216.7
53,Michael Pittman Jr.   IND,WR,16,27.1,—,15.2,6.1,10.9,26.4,9.8,12.3,5.2,12.3,13.5,19.1,3.6,BYE,19.0,7.9,16.1,12.0,13.5,216.5
54,Garrett Wilson   NYJ,WR,17,9.2,30.0,12.0,6.1,5.7,1.8,6.4,17.5,17.9,BYE,3.2,26.4,24.2,13.8,13.8,5.0,4.8,17.9,12.7,215.7
55,T.J. Hockenson   MIN,TE,17,7.8,5.6,10.8,39.9,1.6,—,8.8,11.0,16.0,11.5,8.4,15.3,7.3,11.7,8.3,35.9,12.9,2.6,12.7,215.4
56,Dak Prescott   DAL,QB,12,5.5,—,—,—,—,—,12.3,26.4,BYE,21.2,20.6,16.8,17.8,15.7,22.2,29.0,16.4,9.7,17.8,213.6
57,Alvin Kamara   NO,RB,15,7.6,—,7.3,—,23.4,18.4,17.5,42.8,9.2,7.5,12.9,7.0,5.7,BYE,12.4,19.0,9.0,12.0,14.1,211.7
58,Kyler Murray   ARI,QB,11,20.6,26.9,13.4,23.9,17.2,15.9,17.2,26.6,19.0,—,—,26.2,BYE,0.7,—,—,—,—,18.9,207.5
59,Marcus Mariota   ATL,QB,13,19.8,15.4,16.6,4.9,18.0,24.2,12.1,24.4,7.6,18.7,17.7,14.9,11.4,BYE,—,—,—,—,15.8,205.6
60,Travis Etienne Jr.   JAC,RB,17,8.5,8.3,10.5,3.2,14.4,12.8,18.9,25.2,26.6,10.3,BYE,0.3,7.6,3.2,12.7,14.2,23.0,5.4,12.1,205.1
61,Jerry Jeudy   DEN,WR,15,20.2,2.2,3.7,15.3,8.3,8.4,16.6,18.3,BYE,0.0,—,—,10.5,33.3,14.6,17.7,10.8,24.3,13.6,204.2
62,Kenneth Walker III   SEA,RB,15,—,3.5,6.3,3.4,14.8,19.0,28.7,12.2,27.9,13.2,BYE,16.9,3.6,—,11.9,12.5,15.2,13.4,13.5,202.5
63,Cooper Kupp   LAR,WR,9,31.8,31.8,16.4,26.2,25.9,16.7,BYE,22.9,26.8,2.9,—,—,—,—,—,—,—,—,22.4,201.4
64,George Kittle   SF,TE,15,—,—,6.8,4.4,7.7,16.3,21.8,12.9,BYE,3.1,24.4,5.6,4.2,6.8,25.3,30.0,12.3,18.9,13.4,200.5
65,James Conner   ARI,RB,13,16.5,7.1,8.7,10.7,7.3,—,—,—,11.4,23.6,13.4,21.0,BYE,23.4,18.1,25.0,14.0,—,15.4,200.2
66,DJ Moore   CAR,WR,17,8.0,13.3,2.5,12.1,10.7,3.7,19.6,27.5,4.4,6.9,5.4,20.3,BYE,0.6,18.3,20.1,23.7,2.0,11.7,199.1
67,Chris Olave   NO,WR,15,9.1,11.0,23.7,16.7,15.4,—,17.6,10.2,13.1,7.0,21.2,11.2,10.5,BYE,8.3,—,8.2,15.0,13.2,198.2
68,Zay Jones   JAC,WR,16,12.5,5.3,24.5,—,4.2,9.2,10.8,6.5,9.0,14.8,BYE,27.5,3.6,21.7,34.9,2.1,5.4,6.1,12.4,198.1
69,Davis Mills   HOU,QB,15,15.5,7.2,11.8,15.8,5.8,BYE,19.1,9.9,14.0,15.8,11.8,—,—,6.2,18.9,10.9,9.4,24.5,13.1,196.5
70,Jerick McKinnon   KC,RB,17,7.9,9.6,2.0,1.0,9.2,6.0,6.8,BYE,10.4,11.8,1.4,5.6,14.0,32.4,34.2,12.8,22.6,8.6,11.5,196.3
71,D'Andre Swift   DET,RB,14,26.5,16.7,7.6,—,—,BYE,—,14.3,8.0,8.2,12.2,10.3,21.1,6.9,12.5,3.5,27.7,15.6,13.7,191.1
72,Mark Andrews   BAL,TE,15,10.2,25.7,28.9,3.5,22.9,23.6,0.4,6.3,—,BYE,12.3,11.0,9.4,3.7,6.1,7.5,19.0,—,12.7,190.5
73,New England Patriots   NE,DST,17,4.0,8.0,4.0,11.0,22.0,13.0,5.0,9.0,26.0,BYE,17.0,2.0,4.0,20.0,11.0,14.0,12.0,4.0,10.9,186.0
74,Ezekiel Elliott   DAL,RB,15,5.9,5.9,14.5,10.1,7.8,15.6,17.7,—,BYE,—,17.7,16.5,18.1,17.1,15.1,13.1,9.7,1.0,12.4,185.8
75,JuJu Smith-Schuster   KC,WR,16,11.9,4.0,13.9,9.6,6.3,22.3,25.4,BYE,18.8,5.3,—,6.8,6.5,22.4,16.8,5.7,4.1,5.5,11.6,185.3
76,Andy Dalton   NO,QB,14,—,—,—,13.7,10.9,10.5,29.5,17.2,11.9,9.1,22.2,10.3,13.3,BYE,14.1,2.6,7.0,11.0,13.1,183.2
77,Mac Jones   NE,QB,14,9.5,13.7,18.9,—,—,—,1.9,12.7,9.7,BYE,10.1,23.3,12.5,8.3,7.5,17.5,16.3,19.2,12.9,181.1
78,Diontae Johnson   PIT,WR,17,12.5,13.7,16.4,4.2,11.0,8.6,9.5,8.5,BYE,10.3,6.2,9.9,11.0,14.2,20.0,11.4,5.5,7.8,10.6,180.7
79,Jakobi Meyers   NE,WR,14,10.2,18.5,—,—,24.1,10.0,11.4,21.0,7.4,BYE,9.2,9.2,5.2,—,4.7,20.3,16.9,12.2,12.9,180.3
80,Adam Thielen   MIN,WR,17,6.6,9.2,18.1,15.2,6.7,15.6,BYE,12.7,9.7,9.9,4.5,21.1,4.7,19.5,13.1,1.6,2.6,9.2,10.6,180.0
81,Drake London   ATL,WR,17,12.4,24.6,14.4,3.7,7.5,7.0,1.9,7.1,3.3,14.8,7.2,4.9,15.5,BYE,12.0,14.6,9.7,18.0,10.5,178.6
82,Devin Singletary   BUF,RB,17,8.2,4.1,24.1,11.6,5.6,14.7,BYE,9.3,8.8,15.7,17.7,9.0,11.1,5.3,10.0,20.5,0.3,2.2,10.5,178.2
83,David Montgomery   CHI,RB,16,8.0,15.6,1.1,—,18.2,9.0,12.2,8.5,5.4,5.4,21.1,14.3,16.7,BYE,24.1,10.4,5.6,2.1,11.1,177.7
84,Evan Engram   JAC,TE,17,6.8,11.6,3.9,2.6,12.9,9.0,10.7,15.5,1.8,4.4,BYE,1.4,14.0,39.2,14.2,18.3,3.9,6.7,10.4,176.9
85,Mike Williams   LAC,WR,13,3.0,25.3,8.5,19.0,23.4,3.7,21.6,BYE,—,—,2.5,—,—,23.6,10.7,11.6,16.4,7.2,13.6,176.5
86,Curtis Samuel   WAS,WR,17,19.2,22.9,13.1,7.8,12.2,2.6,12.9,10.9,17.1,6.0,9.8,1.3,14.6,BYE,7.5,16.4,1.6,0.4,10.4,176.3
87,Tyler Boyd   CIN,WR,17,13.3,5.7,20.5,7.6,6.2,12.6,29.5,12.8,9.4,BYE,6.2,3.6,10.0,0.0,14.5,5.1,8.4,10.1,10.3,175.5
88,Allen Lazard   GB,WR,15,—,9.3,14.5,17.6,13.5,17.6,11.5,—,18.7,7.5,10.7,4.4,11.7,BYE,1.7,11.1,10.9,14.1,11.7,174.8
89,Jacoby Brissett   CLE,QB,14,10.9,16.5,17.9,16.0,15.4,10.6,10.1,20.3,BYE,16.5,25.9,14.1,—,0.0,0.3,—,0.2,—,12.5,174.6
90,Gabe Davis   BUF,WR,15,18.8,—,6.7,2.3,32.1,16.4,BYE,5.5,5.3,21.3,11.8,7.8,9.5,6.1,9.6,11.5,—,6.9,11.4,171.6
91,Dallas Cowboys   DAL,DST,17,5.0,7.0,10.0,10.0,23.0,4.0,22.0,11.0,BYE,5.0,16.0,4.0,20.0,4.0,6.0,7.0,10.0,6.0,10.0,170.0
92,Joshua Palmer   LAC,WR,16,3.9,13.0,15.9,3.5,5.4,14.7,—,BYE,18.6,7.4,30.6,10.6,13.0,9.3,9.9,3.6,0.0,9.9,10.6,169.3
93,Jimmy Garoppolo   SF,QB,11,—,16.7,9.4,13.9,18.0,18.9,17.3,17.7,BYE,15.9,25.4,13.3,2.2,—,—,—,—,—,15.3,168.8
94,Deebo Samuel Sr.   SF,WR,13,12.6,14.7,12.9,23.7,11.2,16.0,9.4,—,BYE,7.1,22.4,7.3,12.3,14.4,—,—,—,4.4,13.0,168.4
95,Raheem Mostert   MIA,RB,16,4.2,10.9,1.1,10.1,19.2,5.8,20.9,7.7,8.6,18.7,BYE,—,3.0,5.4,16.6,4.9,23.1,8.1,10.5,168.3
95,Matt Ryan   IND,QB,12,16.3,4.8,15.3,18.8,8.1,27.2,11.9,—,—,22.7,8.6,11.2,12.1,BYE,11.3,—,—,—,14.0,168.3
97,AJ Dillon   GB,RB,17,20.1,7.7,5.8,9.4,3.4,9.2,1.5,7.3,6.4,6.5,3.3,17.8,20.9,BYE,22.1,12.8,10.1,3.3,9.9,167.6
98,Ryan Tannehill   TEN,QB,12,19.3,2.9,19.8,14.4,11.5,BYE,3.9,—,—,19.4,20.0,12.5,13.0,18.8,11.7,—,—,—,13.9,167.2
99,Donovan Peoples-Jones   CLE,WR,17,12.0,0.0,2.0,12.1,9.0,11.6,11.1,12.1,BYE,14.9,17.1,3.6,13.4,19.4,13.1,1.2,8.3,6.2,9.8,167.1
100,George Pickens   PIT,WR,17,1.3,3.3,6.9,16.2,14.3,5.8,18.1,0.0,BYE,14.5,18.3,10.7,1.2,10.8,7.3,16.7,4.9,16.2,9.8,166.5
101,Dameon Pierce   HOU,RB,13,4.9,8.7,18.1,25.9,20.3,BYE,15.7,14.1,13.9,12.2,3.7,4.6,12.5,11.8,—,—,—,—,12.8,166.4
102,Antonio Gibson   WAS,RB,15,20.0,12.1,11.0,9.3,6.9,8.3,16.7,20.7,6.7,14.8,13.3,8.4,7.9,BYE,4.7,5.1,—,—,11.1,165.9
103,Christian Watson   GB,WR,14,6.1,3.9,—,9.3,0.8,—,—,2.2,4.4,32.7,21.1,21.0,24.4,BYE,8.6,10.9,2.1,16.6,11.7,164.1
104,Justin Tucker   BAL,K,17,6.0,10.0,9.0,11.0,16.0,8.0,13.0,9.0,10.0,BYE,7.0,15.0,4.0,11.0,5.0,9.0,9.0,12.0,9.6,164.0
104,Keenan Allen   LAC,WR,10,10.6,—,—,—,—,—,3.1,BYE,—,—,12.4,15.9,20.8,21.2,16.6,21.4,11.8,30.2,16.4,164.0
106,San Francisco 49ers   SF,DST,17,5.0,15.0,8.0,21.0,15.0,1.0,1.0,3.0,BYE,6.0,11.0,15.0,18.0,10.0,9.0,7.0,3.0,15.0,9.6,163.0
107,Daniel Carlson   LV,K,17,9.0,13.0,10.0,14.0,16.0,BYE,10.0,0.0,8.0,2.0,14.0,10.0,11.0,12.0,7.0,5.0,12.0,9.0,9.5,162.0
108,Brett Maher   DAL,K,17,5.0,12.0,12.0,16.0,11.0,5.0,6.0,7.0,BYE,4.0,22.0,4.0,6.0,11.0,12.0,18.0,10.0,0.0,9.5,161.0
109,Courtland Sutton   DEN,WR,15,11.2,19.7,17.7,16.2,12.4,3.4,5.3,2.3,BYE,12.6,13.0,13.5,0.0,—,—,11.4,8.4,12.3,10.6,159.4
109,Tyler Allgeier   ATL,RB,16,—,3.0,4.0,11.4,4.5,5.1,11.0,17.5,13.3,3.3,7.4,5.4,5.2,BYE,22.6,15.7,16.5,13.5,10.0,159.4
111,Jason Myers   SEA,K,17,6.0,1.0,11.0,14.0,10.0,13.0,16.0,11.0,8.0,6.0,BYE,10.0,10.0,6.0,9.0,4.0,11.0,13.0,9.4,159.0
112,Kenny Pickett   PIT,QB,13,—,—,—,15.3,13.1,8.3,13.3,8.3,BYE,19.1,16.0,12.2,13.3,1.6,—,13.7,10.9,13.9,12.2,158.9
113,Jeff Wilson Jr.   MIA,RB,16,5.0,12.3,11.6,13.4,20.2,0.5,5.4,5.5,16.2,22.3,BYE,12.2,0.3,2.6,—,11.0,10.6,9.4,9.9,158.5
114,Hollywood Brown   ARI,WR,12,14.3,12.8,28.0,20.8,21.8,11.8,—,—,—,—,—,10.6,BYE,7.4,5.9,8.8,12.1,1.7,13.0,156.0
115,K.J. Osborn   MIN,WR,17,4.4,4.5,18.3,1.5,9.1,4.8,BYE,8.8,0.0,7.7,3.7,2.3,3.7,14.8,31.7,4.7,18.9,16.7,9.2,155.6
116,Cordarrelle Patterson   ATL,RB,13,22.6,4.1,22.3,9.8,—,—,—,—,18.3,3.0,11.9,10.1,6.0,BYE,12.2,4.1,20.4,9.9,11.9,154.7
117,Latavius Murray   DEN,RB,14,—,0.0,—,13.5,—,7.4,10.3,12.9,BYE,7.7,17.2,10.8,10.1,6.1,21.2,7.0,11.2,18.8,11.0,154.2
117,Mack Hollins   LV,WR,17,2.6,11.6,30.0,6.3,0.0,BYE,12.4,13.4,3.7,3.8,11.2,16.3,8.5,8.2,14.0,1.7,7.0,3.5,9.1,154.2
119,Philadelphia Eagles   PHI,DST,17,5.0,12.0,18.0,15.0,4.0,7.0,BYE,14.0,8.0,7.0,7.0,6.0,10.0,9.0,9.0,10.0,10.0,3.0,9.1,154.0
120,Tyler Higbee   LAR,TE,16,8.9,14.1,10.1,17.3,11.6,1.7,BYE,3.5,0.0,15.3,8.5,—,3.4,3.1,12.7,30.4,4.1,7.3,9.5,152.0
120,Buffalo Bills   BUF,DST,17,17.0,20.0,4.0,7.0,14.0,8.0,BYE,5.0,5.0,8.0,5.0,8.0,5.0,12.0,1.0,10.0,4.0,19.0,8.9,152.0
120,Younghoe Koo   ATL,K,17,19.0,5.0,12.0,12.0,1.0,4.0,6.0,14.0,5.0,3.0,12.0,9.0,14.0,BYE,4.0,9.0,8.0,15.0,8.9,152.0
123,DeAndre Hopkins   ARI,WR,9,—,—,—,—,—,—,20.3,33.9,13.6,19.8,18.1,18.7,BYE,12.9,13.0,1.4,—,—,16.9,151.7
124,Parris Campbell   IND,WR,17,6.7,0.0,3.0,8.3,4.2,18.7,23.0,9.1,3.6,20.6,11.7,3.4,8.5,BYE,3.3,3.9,8.3,12.8,8.8,149.1
125,Pat Freiermuth   PIT,TE,15,12.5,12.2,6.1,15.5,3.2,—,15.5,9.7,BYE,7.6,15.9,6.9,10.6,12.3,—,13.6,6.6,0.0,9.9,148.2
126,Cole Kmet   CHI,TE,17,0.0,0.0,6.0,4.6,8.5,2.5,5.2,9.1,22.0,23.4,6.5,5.7,13.2,BYE,6.5,7.7,10.7,15.7,8.7,147.3
127,Jonathan Taylor   IND,RB,12,27.5,7.3,12.1,3.3,—,—,15.5,5.6,—,24.3,16.4,18.8,13.3,BYE,2.3,—,—,0.0,12.2,146.4
128,Nick Folk   NE,K,17,1.0,5.0,10.0,6.0,18.0,8.0,2.0,21.0,17.0,BYE,4.0,15.0,4.0,11.0,13.0,0.0,6.0,5.0,8.6,146.0
128,Eddy Pineiro   CAR,K,17,6.0,10.0,12.0,6.0,10.0,5.0,3.0,9.0,3.0,16.0,3.0,12.0,BYE,13.0,12.0,14.0,7.0,5.0,8.6,146.0
128,Tyler Bass   BUF,K,17,8.0,12.0,5.0,11.0,8.0,6.0,BYE,10.0,7.0,13.0,23.0,10.0,7.0,9.0,6.0,3.0,3.0,5.0,8.6,146.0
131,Taysom Hill   NO,TE,16,15.3,1.4,—,8.1,34.1,4.5,10.1,8.3,1.1,0.1,7.6,3.0,13.3,BYE,10.2,11.6,13.6,3.5,9.1,145.8
132,Brandin Cooks   HOU,WR,13,15.2,9.4,4.2,18.7,6.0,BYE,8.6,11.3,—,8.2,10.0,11.1,—,—,—,13.4,7.9,21.6,11.2,145.6
133,Graham Gano   NYG,K,17,1.0,17.0,15.0,10.0,10.0,6.0,11.0,8.0,BYE,7.0,0.0,11.0,9.0,2.0,12.0,14.0,8.0,4.0,8.5,145.0
134,Dalton Schultz   DAL,TE,15,13.2,1.8,—,0.0,0.0,—,9.9,13.4,BYE,17.4,5.2,19.1,5.3,14.7,3.5,7.3,24.6,7.3,9.5,142.7
135,Samaje Perine   CIN,RB,16,6.7,2.0,14.1,0.0,9.6,3.6,2.8,4.7,6.4,BYE,30.2,19.3,21.5,9.4,3.4,5.2,—,3.2,8.9,142.1
136,Robbie Gould   SF,K,17,4.0,9.0,6.0,6.0,7.0,2.0,14.0,7.0,BYE,10.0,8.0,8.0,18.0,5.0,3.0,13.0,14.0,8.0,8.4,142.0
136,David Njoku   CLE,TE,14,1.7,6.2,23.9,9.7,14.8,8.8,14.1,—,BYE,—,3.7,13.9,—,18.7,5.8,3.4,3.1,14.2,10.1,142.0
138,Cam Akers   LAR,RB,15,0.0,8.2,10.1,1.3,3.3,—,BYE,—,0.3,2.2,6.1,3.7,19.0,9.3,13.0,34.7,14.3,15.8,9.4,141.3
139,Dallas Goedert   PHI,TE,12,9.0,13.2,11.6,12.2,17.5,4.2,BYE,12.4,24.0,9.3,—,—,—,—,—,9.7,7.5,10.6,11.8,141.2
140,Riley Patterson   JAC,K,17,12.0,8.0,12.0,3.0,7.0,3.0,3.0,5.0,11.0,5.0,BYE,8.0,7.0,13.0,11.0,15.0,9.0,8.0,8.2,140.0
141,Gerald Everett   LAC,TE,15,14.4,13.1,4.5,17.1,1.2,7.9,11.3,BYE,8.6,4.3,—,7.8,13.0,7.8,8.2,—,10.5,9.8,9.3,139.5
142,Rachaad White   TB,RB,17,4.1,0.1,0.0,14.6,7.2,5.3,4.2,7.3,6.4,10.5,BYE,19.9,16.9,10.7,5.3,15.3,9.8,1.5,8.2,139.1
143,Jacksonville Jaguars   JAC,DST,17,6.0,21.0,9.0,9.0,5.0,-1.0,1.0,5.0,5.0,6.0,BYE,5.0,-2.0,12.0,12.0,14.0,17.0,15.0,8.2,139.0
143,Greg Zuerlein   NYJ,K,17,4.0,9.0,18.0,6.0,8.0,9.0,12.0,5.0,10.0,BYE,4.0,9.0,19.0,4.0,5.0,3.0,8.0,6.0,8.2,139.0
145,Chase McLaughlin   IND,K,16,—,0.0,11.0,5.0,17.0,9.0,6.0,11.0,4.0,9.0,12.0,7.0,9.0,BYE,21.0,4.0,4.0,9.0,8.6,138.0
146,Dawson Knox   BUF,TE,15,1.5,8.1,6.5,7.0,—,12.7,BYE,9.0,5.5,9.7,14.0,3.7,0.0,14.1,21.8,12.8,—,9.3,9.0,135.7
147,Jason Sanders   MIA,K,17,10.0,6.0,3.0,10.0,6.0,5.0,12.0,8.0,5.0,9.0,BYE,13.0,6.0,7.0,12.0,9.0,3.0,11.0,7.9,135.0
147,Brandon McManus   DEN,K,17,11.0,12.0,5.0,5.0,11.0,13.0,4.0,3.0,BYE,4.0,14.0,4.0,14.0,4.0,8.0,9.0,7.0,7.0,7.9,135.0
147,Isiah Pacheco   KC,RB,17,12.2,0.6,0.9,6.3,0.0,3.8,4.3,BYE,1.9,6.2,10.7,15.6,16.2,12.3,8.7,10.0,12.9,12.4,7.9,135.0
150,Juwan Johnson   NO,TE,16,6.3,8.0,0.0,6.3,2.3,8.1,20.2,3.4,12.2,15.4,13.7,0.0,—,BYE,22.7,1.9,11.2,3.1,8.4,134.8
151,Baltimore Ravens   BAL,DST,17,11.0,7.0,11.0,5.0,6.0,6.0,12.0,5.0,10.0,BYE,17.0,5.0,6.0,11.0,7.0,8.0,3.0,4.0,7.9,134.0
152,Greg Joseph   MIN,K,17,13.0,1.0,4.0,18.0,3.0,4.0,BYE,4.0,8.0,9.0,3.0,9.0,12.0,6.0,8.0,12.0,5.0,14.0,7.8,133.0
152,Matt Gay   LAR,K,17,6.0,7.0,9.0,9.0,4.0,6.0,BYE,2.0,7.0,5.0,10.0,5.0,14.0,7.0,8.0,19.0,4.0,11.0,7.8,133.0
152,Ryan Succop   TB,K,17,15.0,10.0,8.0,8.0,8.0,14.0,3.0,10.0,12.0,3.0,BYE,6.0,5.0,1.0,5.0,15.0,4.0,6.0,7.8,133.0
155,Richie James Jr.   NYG,WR,16,11.1,10.1,8.0,-0.1,3.6,3.8,1.2,-4.0,BYE,—,13.8,15.1,5.0,19.1,8.2,17.0,20.6,0.0,8.3,132.5
156,Ka'imi Fairbairn   HOU,K,17,10.0,11.0,8.0,7.0,11.0,BYE,10.0,5.0,5.0,11.0,4.0,3.0,7.0,16.0,6.0,7.0,5.0,6.0,7.8,132.0
156,Evan McPherson   CIN,K,17,8.0,13.0,10.0,11.0,6.0,8.0,5.0,1.0,6.0,BYE,17.0,9.0,10.0,5.0,9.0,4.0,1.0,9.0,7.8,132.0
158,Tyler Conklin   NYJ,TE,17,11.6,10.0,16.4,8.2,0.0,2.7,6.2,25.9,1.7,BYE,3.5,8.0,2.9,7.8,1.9,7.4,14.0,3.3,7.7,131.5
159,D'Onta Foreman   CAR,RB,17,0.5,0.9,0.0,0.2,0.2,1.9,16.5,31.8,4.1,19.0,2.4,11.3,BYE,8.5,0.9,22.5,3.5,6.8,7.7,131.0
160,Jahan Dotson   WAS,WR,12,18.0,17.9,3.0,13.3,—,—,—,—,—,2.4,2.6,0.0,16.4,BYE,20.5,19.6,6.7,10.2,10.9,130.6
161,Baker Mayfield   LAR,QB,12,19.0,13.3,10.7,7.9,7.6,—,BYE,—,14.2,—,7.0,—,—,14.2,7.5,17.4,4.1,6.5,10.8,129.4
162,Darius Slayton   NYG,WR,15,—,0.0,0.0,2.1,13.9,2.8,14.8,11.6,BYE,18.5,13.6,9.3,15.0,6.2,7.3,11.9,1.4,—,8.6,128.4
163,Kareem Hunt   CLE,RB,17,23.0,9.4,9.1,8.8,14.7,1.2,7.8,11.2,BYE,2.9,7.4,3.1,9.4,3.2,3.7,5.2,0.9,5.8,7.5,126.8
164,Michael Carter   NYJ,RB,16,17.0,10.0,5.6,4.9,17.3,5.7,9.4,10.1,15.6,BYE,2.7,5.6,—,3.0,4.1,10.0,2.5,2.5,7.9,126.0
165,Russell Gage Jr.   TB,WR,13,3.3,7.8,24.7,4.4,6.0,4.0,7.9,—,—,—,BYE,—,2.1,9.2,25.9,11.5,6.3,10.5,9.5,123.6
166,Noah Fant   SEA,TE,17,4.6,3.1,6.7,7.2,7.9,10.5,1.7,3.9,14.6,6.4,BYE,6.4,14.2,0.0,14.2,9.2,6.0,6.0,7.2,122.6
167,Marquez Valdes-Scantling   KC,WR,17,8.1,3.3,8.8,9.3,15.0,0.0,14.1,BYE,2.2,15.0,2.8,9.6,9.1,3.0,11.6,0.0,4.8,5.7,7.2,122.4
168,Jake Elliott   PHI,K,16,8.0,6.0,6.0,5.0,—,10.0,BYE,5.0,3.0,3.0,5.0,12.0,5.0,12.0,5.0,11.0,6.0,20.0,7.6,122.0
168,Taylor Heinicke   WAS,QB,9,—,—,—,—,—,—,15.4,23.1,14.7,6.4,7.8,12.4,17.6,BYE,13.3,11.2,—,—,13.6,122.0
170,Carson Wentz   WAS,QB,8,29.7,28.8,8.6,9.3,22.9,4.2,—,—,—,—,—,—,—,BYE,—,8.9,9.4,—,15.2,121.8
171,Kansas City Chiefs   KC,DST,17,3.0,10.0,8.0,4.0,1.0,3.0,13.0,BYE,4.0,6.0,9.0,11.0,1.0,15.0,3.0,8.0,8.0,14.0,7.1,121.0
171,Cade York   CLE,K,17,16.0,6.0,5.0,9.0,4.0,12.0,9.0,8.0,BYE,5.0,5.0,7.0,11.0,4.0,8.0,4.0,6.0,2.0,7.1,121.0
173,Washington Commanders   WAS,DST,17,4.0,2.0,5.0,3.0,5.0,13.0,3.0,7.0,5.0,15.0,19.0,7.0,7.0,BYE,1.0,1.0,5.0,18.0,7.1,120.0
173,Mason Crosby   GB,K,17,1.0,10.0,2.0,9.0,10.0,4.0,3.0,5.0,3.0,7.0,3.0,9.0,8.0,BYE,6.0,15.0,13.0,12.0,7.1,120.0
175,Isaiah McKenzie   BUF,WR,16,9.9,5.7,21.2,12.1,—,2.9,BYE,8.0,4.1,9.5,0.0,22.3,9.4,5.8,4.4,0.6,0.0,3.9,7.5,119.8
176,New York Jets   NYJ,DST,17,4.0,2.0,4.0,12.0,9.0,20.0,7.0,8.0,10.0,BYE,10.0,8.0,2.0,8.0,1.0,4.0,4.0,5.0,6.9,118.0
176,Carolina Panthers   CAR,DST,17,1.0,4.0,16.0,9.0,5.0,9.0,8.0,5.0,-2.0,10.0,9.0,11.0,BYE,7.0,1.0,4.0,6.0,15.0,6.9,118.0
176,Michael Badgley   DET,K,13,—,—,—,13.0,—,BYE,9.0,10.0,1.0,7.0,7.0,7.0,19.0,12.0,8.0,5.0,12.0,8.0,9.1,118.0
179,Khalil Herbert   CHI,RB,13,11.3,5.1,30.9,11.1,1.1,7.4,15.7,15.9,2.3,5.7,—,—,—,BYE,—,2.3,3.1,5.9,9.1,117.8
180,Seattle Seahawks   SEA,DST,17,7.0,9.0,7.0,7.0,1.0,17.0,7.0,13.0,8.0,4.0,BYE,1.0,8.0,1.0,1.0,1.0,17.0,8.0,6.9,117.0
180,Green Bay Packers   GB,DST,17,1.0,9.0,11.0,7.0,3.0,2.0,9.0,6.0,3.0,5.0,5.0,0.0,9.0,BYE,11.0,11.0,23.0,2.0,6.9,117.0
182,Marvin Jones Jr.   JAC,WR,16,7.8,6.3,13.3,0.0,17.4,—,9.7,0.0,9.8,4.3,BYE,11.2,2.7,3.2,9.7,4.5,12.1,4.9,7.3,116.9
183,Jordan Akins   HOU,TE,15,—,—,12.1,5.3,4.2,BYE,9.8,1.5,0.0,10.2,2.8,15.1,5.1,1.5,11.2,6.9,5.8,25.0,7.8,116.5
184,Matthew Stafford   LAR,QB,9,10.8,20.9,10.2,7.8,11.3,12.8,BYE,17.4,10.5,—,14.8,—,—,—,—,—,—,—,12.9,116.4
185,Kalif Raymond   DET,WR,17,0.0,0.0,1.4,5.1,9.5,BYE,14.5,10.6,4.7,7.7,7.0,7.5,2.6,3.9,16.3,7.4,7.4,10.6,6.8,116.2
186,Devin Duvernay   BAL,WR,14,21.4,12.2,10.3,9.1,12.8,2.4,6.2,16.4,1.5,BYE,1.7,6.9,10.3,0.0,4.9,—,—,—,8.3,116.1
187,Houston Texans   HOU,DST,17,7.0,6.0,9.0,2.0,11.0,BYE,0.0,8.0,5.0,3.0,1.0,7.0,8.0,7.0,5.0,17.0,6.0,14.0,6.8,116.0
187,Indianapolis Colts   IND,DST,17,6.0,0.0,6.0,3.0,14.0,6.0,8.0,5.0,7.0,3.0,8.0,3.0,1.0,BYE,23.0,9.0,1.0,13.0,6.8,116.0
189,Robert Woods   TEN,WR,17,2.3,7.9,12.5,13.0,7.7,BYE,5.6,2.6,0.0,3.0,12.9,3.6,1.6,9.9,3.2,7.0,14.9,8.0,6.8,115.7
190,Zach Ertz   ARI,TE,10,11.4,15.5,10.5,16.7,10.8,14.0,6.1,13.4,15.0,2.2,—,—,BYE,—,—,—,—,—,11.6,115.6
191,Breece Hall   NYJ,RB,7,10.1,13.0,15.2,15.8,27.7,20.1,13.2,—,—,BYE,—,—,—,—,—,—,—,—,16.4,115.1
191,Chris Moore   HOU,WR,15,6.1,3.4,9.3,0.0,—,BYE,10.0,—,14.5,10.0,7.3,2.7,7.6,22.4,8.2,4.5,5.1,4.0,7.7,115.1
193,Cincinnati Bengals   CIN,DST,17,2.0,4.0,16.0,8.0,4.0,1.0,4.0,7.0,6.0,BYE,1.0,5.0,4.0,8.0,9.0,10.0,7.0,19.0,6.8,115.0
193,New Orleans Saints   NO,DST,17,6.0,4.0,4.0,4.0,4.0,4.0,1.0,16.0,3.0,7.0,5.0,5.0,6.0,BYE,7.0,8.0,18.0,13.0,6.8,115.0
193,Joey Slye   WAS,K,17,2.0,1.0,0.0,5.0,7.0,6.0,11.0,5.0,6.0,19.0,12.0,8.0,9.0,BYE,9.0,2.0,5.0,8.0,6.8,115.0
196,Noah Brown   DAL,WR,16,11.8,20.1,10.4,9.1,1.5,2.0,8.0,—,BYE,1.3,6.2,0.0,3.5,12.5,22.9,1.5,1.7,2.0,7.2,114.5
197,Wil Lutz   NO,K,17,10.0,4.0,2.0,7.0,9.0,14.0,11.0,6.0,7.0,5.0,10.0,0.0,10.0,BYE,3.0,5.0,10.0,1.0,6.7,114.0
198,Greg Dortch   ARI,WR,16,13.3,15.5,17.0,1.6,0.0,0.0,7.6,1.2,1.3,0.0,19.3,—,BYE,0.0,0.0,22.3,5.5,8.5,7.1,113.1
199,Brian Robinson Jr.   WAS,RB,12,—,—,—,—,2.2,12.0,10.6,2.0,5.8,14.6,5.7,20.5,13.1,BYE,11.7,5.8,8.7,—,9.4,112.7
200,DeAndre Carter   LAC,WR,17,15.4,8.5,5.6,1.6,2.9,4.7,6.7,BYE,10.3,16.4,6.3,20.3,2.4,1.0,1.5,0.0,3.4,5.3,6.6,112.3
200,Alec Pierce   IND,WR,16,0.0,—,9.1,12.0,16.1,13.9,6.7,9.5,3.3,0.0,5.8,0.0,18.6,BYE,0.0,5.6,4.5,7.2,7.0,112.3
202,Robert Tonyan   GB,TE,17,6.6,3.1,9.7,10.2,6.3,19.0,6.2,8.5,5.9,1.8,3.9,5.0,2.0,BYE,1.4,2.3,14.2,5.9,6.6,112.0
203,Brock Purdy   SF,QB,9,—,—,—,—,-0.1,—,1.7,—,BYE,—,0.3,—,15.3,21.7,16.5,17.0,18.1,19.8,12.3,110.3
204,Olamide Zaccheaus   ATL,WR,17,6.9,10.1,6.9,7.5,11.9,9.8,6.1,1.4,3.9,5.4,3.2,14.1,3.3,BYE,0.0,5.8,0.0,13.7,6.5,110.0
205,Hayden Hurst   CIN,TE,14,9.6,7.4,1.7,11.7,17.3,5.1,10.8,8.2,8.5,BYE,4.8,11.7,3.2,—,—,—,4.5,5.4,7.9,109.9
206,New York Giants   NYG,DST,17,4.0,7.0,0.0,16.0,3.0,7.0,5.0,5.0,BYE,9.0,-1.0,3.0,8.0,2.0,17.0,4.0,14.0,5.0,6.4,108.0
207,James Cook III   BUF,RB,17,-1.8,5.3,8.0,0.0,9.1,0.8,BYE,8.6,5.3,2.2,8.6,3.8,16.5,2.5,11.9,17.8,1.8,7.1,6.3,107.5
208,Miami Dolphins   MIA,DST,17,18.0,-4.0,9.0,1.0,-2.0,3.0,12.0,1.0,9.0,6.0,BYE,18.0,6.0,10.0,3.0,4.0,4.0,9.0,6.3,107.0
208,Pittsburgh Steelers   PIT,DST,17,26.0,3.0,2.0,5.0,2.0,3.0,1.0,-1.0,BYE,10.0,2.0,10.0,4.0,3.0,5.0,13.0,7.0,12.0,6.3,107.0
208,Cleveland Browns   CLE,DST,17,6.0,3.0,10.0,3.0,0.0,0.0,5.0,13.0,BYE,-3.0,1.0,4.0,27.0,4.0,16.0,3.0,13.0,2.0,6.3,107.0
211,Minnesota Vikings   MIN,DST,17,12.0,7.0,2.0,6.0,4.0,13.0,BYE,10.0,6.0,15.0,-4.0,9.0,5.0,-1.0,5.0,9.0,-1.0,9.0,6.2,106.0
211,Los Angeles Chargers   LAC,DST,17,13.0,1.0,-4.0,8.0,1.0,7.0,4.0,BYE,7.0,3.0,2.0,5.0,12.0,6.0,7.0,20.0,9.0,5.0,6.2,106.0
213,Zach Wilson   NYJ,QB,9,—,—,—,20.8,14.6,4.5,7.2,19.4,10.6,BYE,5.7,—,—,—,20.4,2.8,—,—,11.8,105.9
214,Michael Gallup   DAL,WR,14,—,—,—,10.4,8.4,3.8,0.0,8.9,BYE,7.5,7.1,11.3,18.3,6.0,1.2,13.6,6.9,2.0,7.5,105.4
215,Chase Claypool   CHI,WR,15,9.4,6.6,7.6,0.0,10.0,23.4,9.1,12.5,3.7,1.8,3.1,7.1,5.8,BYE,—,—,0.0,4.9,7.0,105.0
215,Los Angeles Rams   LAR,DST,17,9.0,10.0,6.0,1.0,4.0,11.0,BYE,2.0,4.0,2.0,4.0,4.0,8.0,5.0,7.0,21.0,-1.0,8.0,6.2,105.0
217,Kenyan Drake   BAL,RB,12,5.6,0.8,—,—,3.7,19.7,0.5,16.7,24.9,BYE,7.3,0.2,6.6,2.2,—,—,—,15.9,8.7,104.1
218,Tennessee Titans   TEN,DST,17,9.0,-3.0,3.0,10.0,6.0,BYE,19.0,9.0,7.0,12.0,4.0,8.0,-2.0,-4.0,8.0,7.0,7.0,4.0,6.1,104.0
218,Cairo Santos   CHI,K,16,1.0,5.0,14.0,—,15.0,1.0,18.0,5.0,6.0,6.0,7.0,4.0,8.0,BYE,2.0,7.0,4.0,1.0,6.5,104.0
220,Hunter Henry   NE,TE,16,4.0,0.0,1.8,3.3,9.4,16.1,2.2,3.2,9.0,BYE,3.0,15.3,3.3,10.0,2.9,—,10.2,10.2,6.5,103.9
220,Josh Reynolds   DET,WR,12,3.8,12.8,15.6,21.1,15.2,BYE,1.8,3.4,—,—,—,—,4.9,16.1,—,5.1,1.5,2.6,8.7,103.9
222,Demarcus Robinson   BAL,WR,16,3.9,8.2,0.0,3.0,1.8,5.7,—,12.4,2.2,BYE,21.8,2.7,11.1,10.2,6.9,7.6,1.9,4.4,6.5,103.8
223,Arizona Cardinals   ARI,DST,17,-2.0,9.0,4.0,12.0,3.0,14.0,17.0,6.0,9.0,8.0,-4.0,4.0,BYE,3.0,11.0,5.0,4.0,0.0,6.1,103.0
223,Tampa Bay Buccaneers   TB,DST,17,13.0,26.0,6.0,1.0,6.0,3.0,1.0,5.0,8.0,6.0,BYE,6.0,3.0,-2.0,3.0,8.0,8.0,2.0,6.1,103.0
225,DeVante Parker   NE,WR,13,1.9,0.0,20.6,10.4,0.0,10.4,9.8,0.0,—,BYE,3.9,12.0,3.6,4.4,—,—,—,25.9,7.9,102.9
226,Denver Broncos   DEN,DST,17,5.0,7.0,16.0,2.0,14.0,5.0,4.0,7.0,BYE,4.0,1.0,2.0,12.0,7.0,10.0,-4.0,6.0,4.0,6.0,102.0
226,Harrison Butker   KC,K,13,9.0,—,—,—,—,11.0,6.0,BYE,6.0,3.0,14.0,14.0,6.0,11.0,4.0,7.0,3.0,8.0,7.8,102.0
228,Romeo Doubs   GB,WR,13,8.8,4.7,21.3,13.7,5.9,6.1,0.0,16.2,2.8,—,—,—,—,BYE,10.5,6.6,5.0,0.0,7.8,101.6
229,Darnell Mooney   CHI,WR,11,1.8,0.6,4.3,13.4,7.2,13.8,8.3,12.0,17.5,9.7,12.9,—,—,BYE,—,—,—,—,9.2,101.5
230,Rashid Shaheed   NO,WR,12,—,—,—,—,—,10.4,12.3,6.8,0.0,2.2,1.8,7.9,11.5,BYE,18.5,8.1,13.9,7.1,8.4,100.5
231,Isaiah Hodgins   NYG,WR,9,—,—,—,—,8.1,—,—,—,BYE,6.1,3.9,6.1,15.4,15.8,7.7,22.9,14.2,—,11.1,100.2
232,Matt Prater   ARI,K,13,1.0,1.0,14.0,8.0,—,—,—,9.0,3.0,—,5.0,7.0,BYE,7.0,14.0,14.0,15.0,1.0,7.6,99.0
233,Clyde Edwards-Helaire   KC,RB,10,22.4,15.8,14.9,22.4,6.5,3.3,9.2,BYE,2.9,0.0,0.9,—,—,—,—,—,—,—,9.8,98.3
234,Mike Gesicki   MIA,TE,17,1.1,14.1,1.6,4.3,4.0,24.9,5.7,12.8,1.3,5.1,BYE,0.0,0.0,0.0,1.5,3.4,9.8,8.6,5.8,98.2
234,DJ Chark Jr.   DET,WR,11,15.2,0.0,7.6,—,—,BYE,—,—,—,—,0.0,9.6,14.8,21.4,2.8,14.8,7.6,4.4,8.9,98.2
236,Detroit Lions   DET,DST,17,0.0,9.0,2.0,-2.0,2.0,BYE,4.0,3.0,11.0,10.0,11.0,4.0,5.0,8.0,13.0,-4.0,15.0,7.0,5.8,98.0
237,Corey Davis   NYJ,WR,13,13.7,16.3,4.7,18.4,5.8,7.2,0.0,—,—,BYE,—,1.9,13.5,2.5,—,3.4,7.5,2.7,7.5,97.6
238,Austin Hooper   TEN,TE,17,1.6,2.9,3.9,1.4,1.7,BYE,8.6,1.5,5.4,9.1,19.6,6.0,5.2,11.8,5.3,4.0,1.6,7.8,5.7,97.4
239,Chig Okonkwo   TEN,TE,17,1.7,0.0,0.0,12.8,0.0,BYE,0.0,1.3,5.8,5.1,4.1,6.5,10.8,18.5,10.0,2.0,5.4,13.2,5.7,97.2
240,Nico Collins   HOU,WR,10,4.6,9.8,6.1,11.2,10.5,BYE,6.3,—,—,15.9,9.8,10.4,12.5,—,—,—,—,—,9.7,97.1
241,Chris Boswell   PIT,K,12,14.0,8.0,5.0,12.0,3.0,10.0,5.0,—,BYE,—,—,—,—,2.0,8.0,9.0,12.0,9.0,8.1,97.0
242,Cameron Dicker   LAC,K,11,—,—,—,—,9.0,—,—,BYE,8.0,12.0,10.0,5.0,8.0,11.0,6.0,8.0,8.0,9.0,8.5,94.0
243,Mecole Hardman Jr.   KC,WR,8,10.6,7.5,1.2,1.4,12.0,13.2,28.0,BYE,19.9,—,—,—,—,—,—,—,—,—,11.7,93.8
244,Jaylen Warren   PIT,RB,16,0.7,2.5,4.3,3.2,10.3,0.2,4.4,10.5,BYE,10.7,1.9,—,3.9,4.7,11.9,4.0,12.8,7.3,5.8,93.3
245,Cade Otton   TB,TE,16,0.0,1.4,—,5.9,10.3,4.3,10.4,3.5,17.8,6.5,BYE,0.0,14.8,6.8,3.0,3.2,3.7,1.5,5.8,93.1
246,Isaiah Likely   BAL,TE,15,0.0,8.3,1.8,0.0,2.7,5.0,2.6,19.7,9.4,BYE,1.1,—,7.0,—,3.8,1.4,10.2,18.3,6.1,91.3
247,Damien Harris   NE,RB,11,7.8,16.7,12.6,15.4,2.2,—,2.0,7.2,—,BYE,11.3,1.6,—,—,—,—,7.9,6.2,8.3,90.9
248,Deshaun Watson   CLE,QB,6,—,—,—,—,—,—,—,—,BYE,—,—,—,6.3,17.3,12.6,12.8,21.9,19.6,15.1,90.6
249,Marquise Goodwin   SEA,WR,13,4.2,0.0,5.1,0.0,—,4.6,22.7,7.3,—,11.8,BYE,8.5,2.7,20.3,3.0,0.0,—,—,6.9,90.2
250,Eno Benjamin   NO,RB,13,9.1,8.1,4.3,5.5,14.3,9.5,23.3,8.5,3.7,0.0,—,—,—,0.1,—,—,2.9,0.3,6.9,89.6
251,Sam Darnold   CAR,QB,6,—,—,—,—,—,—,—,—,—,—,—,16.9,BYE,11.8,13.2,21.9,22.6,2.9,14.9,89.3
252,Atlanta Falcons   ATL,DST,17,6.0,16.0,4.0,6.0,0.0,13.0,-1.0,8.0,5.0,1.0,12.0,3.0,1.0,BYE,4.0,3.0,5.0,3.0,5.2,89.0
253,James Robinson   NYJ,RB,11,19.9,15.8,20.6,2.9,5.9,6.5,0.0,1.7,13.3,BYE,1.0,—,1.0,—,—,—,—,—,8.1,88.6
254,Alexander Mattison   MIN,RB,17,3.6,4.4,11.4,8.8,7.0,0.3,BYE,10.0,1.1,2.9,1.8,1.1,9.8,-0.1,0.1,1.7,5.5,19.0,5.2,88.4
255,Kendrick Bourne   NE,WR,16,5.1,3.6,9.8,5.8,1.0,2.7,—,0.0,4.2,BYE,1.8,5.9,2.5,9.7,0.0,24.9,2.8,8.5,5.5,88.3
256,Elijah Moore   NYJ,WR,16,9.9,6.5,8.9,8.5,2.1,0.0,0.0,0.0,—,BYE,3.7,14.0,3.7,12.0,9.4,3.5,3.8,2.1,5.5,88.1
256,Treylon Burks   TEN,WR,11,8.5,8.7,3.1,3.8,—,BYE,—,—,—,5.4,18.1,11.0,9.5,—,—,1.5,12.6,5.9,8.0,88.1
258,Kenneth Gainwell   PHI,RB,17,11.2,2.8,0.6,8.7,2.0,2.5,BYE,2.1,12.8,2.2,0.0,11.6,8.3,1.0,3.4,9.8,3.7,5.2,5.2,87.9
258,Rondale Moore   ARI,WR,8,—,—,—,3.7,13.1,10.9,4.1,23.4,14.9,18.4,-0.6,—,BYE,—,—,—,—,—,11.0,87.9
260,Chuba Hubbard   CAR,RB,14,0.3,-2.0,2.5,0.0,—,1.7,15.3,—,—,1.4,4.5,6.5,BYE,18.9,9.7,12.5,9.5,6.9,6.3,87.7
261,Melvin Gordon III   KC,RB,10,7.2,6.3,16.5,-1.2,13.3,0.8,7.0,14.2,—,11.0,12.0,—,—,—,—,—,—,—,8.7,87.1
262,Randy Bullock   TEN,K,16,9.0,1.0,7.0,7.0,3.0,BYE,14.0,5.0,6.0,5.0,—,0.0,4.0,2.0,2.0,2.0,7.0,13.0,5.4,87.0
263,Will Dissly   SEA,TE,15,13.3,2.0,12.4,13.9,4.1,2.2,8.5,3.2,5.4,4.8,BYE,3.7,4.2,4.0,2.3,2.9,—,—,5.8,86.9
264,Greg Dulcich   DEN,TE,10,—,—,—,—,—,12.4,11.1,12.7,BYE,2.1,7.0,3.1,14.5,7.2,2.1,13.9,—,—,8.6,86.1
265,Foster Moreau   LV,TE,14,—,6.0,7.4,—,—,BYE,5.8,9.1,4.4,13.3,4.3,12.3,4.2,0.0,4.0,3.9,8.5,2.0,6.1,85.2
266,Allen Robinson II   LAR,WR,10,2.2,15.3,4.3,2.7,4.2,17.3,BYE,10.4,5.4,8.4,14.7,—,—,—,—,—,—,—,8.5,84.9
267,Darren Waller   LV,TE,9,11.9,17.0,5.2,5.4,—,BYE,—,0.0,—,—,—,—,—,—,13.8,9.8,16.2,5.5,9.4,84.8
268,Quez Watkins   PHI,WR,17,0.0,14.9,0.0,0.0,4.9,0.7,BYE,0.0,4.5,10.0,11.1,12.5,8.7,5.9,5.0,2.9,0.0,3.4,5.0,84.5
268,Deon Jackson   IND,RB,12,—,-0.3,—,—,13.1,28.1,0.3,-0.4,5.6,—,5.0,—,0.6,BYE,10.6,3.9,1.0,17.0,7.0,84.5
270,Ben Skowronek   LAR,WR,14,6.5,3.6,10.6,5.3,10.1,16.7,BYE,2.0,0.0,3.4,1.4,2.5,5.0,15.9,1.3,—,—,—,6.0,84.3
271,Trent Sherfield Sr.   MIA,WR,16,1.8,2.9,1.5,9.5,1.5,1.6,7.4,4.5,5.7,16.3,BYE,5.3,14.5,1.7,0.0,4.5,5.0,—,5.2,83.7
272,Terrace Marshall Jr.   CAR,WR,14,—,0.0,—,—,7.0,0.0,5.1,12.7,14.3,5.3,10.6,1.8,BYE,2.8,8.1,7.5,3.5,4.3,5.9,83.0
273,Nick Westbrook-Ikhine   TEN,WR,16,2.3,2.3,7.0,—,9.2,BYE,0.0,0.0,0.0,28.9,4.8,9.8,1.4,11.3,0.0,4.3,1.4,0.0,5.2,82.7
274,Jauan Jennings   SF,WR,16,10.2,1.4,1.5,4.2,6.5,3.8,4.4,—,BYE,8.0,0.0,16.9,5.4,1.5,6.1,4.1,6.6,2.0,5.2,82.6
275,Randall Cobb   GB,WR,13,3.4,6.7,7.7,7.2,16.9,1.8,—,—,—,—,13.3,9.9,0.0,BYE,6.2,1.5,4.0,3.1,6.3,81.7
276,Nyheim Miller-Hines   BUF,RB,16,11.4,7.7,8.0,2.3,1.8,—,9.3,12.9,0.0,1.9,-0.8,0.3,2.8,1.7,8.0,2.1,—,12.0,5.1,81.4
277,J.K. Dobbins   BAL,RB,8,—,—,6.0,22.3,4.4,1.5,—,—,—,BYE,—,—,—,18.0,13.8,5.9,9.3,—,10.2,81.2
278,Hunter Renfrow   LV,WR,10,5.1,10.9,—,—,6.5,BYE,8.5,1.6,5.6,—,—,—,—,—,2.4,14.2,4.9,19.3,7.9,79.0
279,Van Jefferson   LAR,WR,10,—,—,—,—,—,—,BYE,—,0.0,11.7,7.1,11.9,5.9,12.4,5.2,4.9,10.7,9.1,7.9,78.9
279,Mitchell Trubisky   PIT,QB,7,12.7,12.4,15.0,2.5,—,10.3,—,—,BYE,—,—,—,—,12.0,14.1,—,—,—,11.3,78.9
281,Logan Thomas   WAS,TE,13,7.5,12.7,2.5,6.9,—,—,—,—,0.0,3.2,11.5,1.7,5.0,BYE,1.6,9.5,11.6,3.6,5.9,77.3
282,Dontrell Hilliard   TEN,RB,12,21.9,—,5.4,5.8,12.3,BYE,0.4,10.5,1.8,1.8,8.8,4.9,3.6,0.0,—,—,—,—,6.4,77.2
283,Las Vegas Raiders   LV,DST,17,0.0,3.0,3.0,11.0,2.0,BYE,10.0,0.0,2.0,3.0,6.0,6.0,8.0,7.0,11.0,6.0,-2.0,1.0,4.5,77.0
284,Kyle Pitts Sr.   ATL,TE,10,3.9,3.9,13.7,3.5,—,10.9,3.9,19.0,4.7,4.8,7.3,—,—,BYE,—,—,—,—,7.6,75.6
285,Nelson Agholor   NE,WR,15,3.8,23.0,4.1,7.6,0.0,—,0.0,1.2,—,BYE,3.8,18.5,3.7,8.2,1.3,0.0,0.0,0.0,5.0,75.2
286,Daniel Bellinger   NYG,TE,12,0.0,8.6,8.0,5.3,10.4,14.8,2.3,—,BYE,—,—,—,7.4,4.9,1.4,4.7,7.2,—,6.3,75.0
287,Jelani Woods   IND,TE,14,0.0,0.0,15.3,4.3,0.0,10.7,1.4,—,1.2,—,—,17.8,4.8,BYE,4.6,7.3,4.9,1.9,5.3,74.2
287,Chase Edmonds   DEN,RB,13,10.5,5.1,15.7,10.0,0.1,5.1,1.7,1.4,BYE,1.9,0.6,—,—,—,—,7.3,10.3,4.5,5.7,74.2
289,Darrell Henderson Jr.   JAC,RB,10,12.3,10.7,1.7,6.9,7.0,13.2,—,5.0,5.6,10.2,0.9,—,—,—,—,—,—,—,7.4,73.5
290,Laviska Shenault Jr.   CAR,WR,13,—,—,17.0,0.0,—,—,1.8,7.6,0.6,14.9,4.7,4.1,BYE,7.8,0.0,8.3,4.0,1.9,5.6,72.7
291,Jamal Agnew   JAC,WR,15,2.2,0.1,2.7,21.0,0.3,3.4,—,—,0.0,3.4,BYE,14.7,4.3,7.4,8.4,1.8,0.8,1.8,4.8,72.3
292,Rex Burkhead   HOU,RB,15,12.0,2.9,7.0,14.9,4.8,BYE,6.9,1.2,2.5,5.0,—,1.5,—,1.2,3.7,2.7,4.0,1.1,4.8,71.4
293,JaMycal Hasty   JAC,RB,14,—,—,0.0,4.2,0.6,12.2,0.6,4.0,2.1,1.3,BYE,20.5,—,1.3,2.5,3.1,17.6,0.5,5.0,70.5
294,Julio Jones   TB,WR,10,11.6,—,—,1.7,—,—,—,10.1,4.8,14.3,BYE,8.5,5.8,8.8,—,1.5,3.3,—,7.0,70.4
295,Noah Gray   KC,TE,17,2.0,3.2,3.6,6.1,1.7,4.3,2.0,BYE,7.5,10.0,3.5,3.6,2.5,7.5,6.1,1.8,2.2,2.4,4.1,70.0
295,Matthew Wright   KC,K,6,—,—,—,12.0,8.0,—,—,BYE,—,8.0,13.0,13.0,16.0,—,—,—,—,—,11.7,70.0
297,Colby Parkinson   SEA,TE,14,12.3,—,6.4,4.8,—,3.1,3.8,1.5,2.6,1.7,BYE,—,2.2,2.0,0.0,7.5,14.6,6.7,4.9,69.2
298,Tyquan Thornton   NE,WR,12,—,—,—,—,2.7,21.3,2.9,2.3,1.5,BYE,1.5,—,5.1,6.8,3.1,1.8,15.0,2.3,5.5,66.3
299,Dante Pettis   CHI,WR,17,12.1,0.0,0.0,0.0,0.0,18.4,4.1,5.8,2.2,2.7,0.0,2.2,2.4,BYE,2.3,9.1,0.0,3.9,3.8,65.2
300,Joshua Kelley   LAC,RB,12,5.5,3.5,2.3,1.5,16.2,—,—,BYE,—,—,—,4.0,3.0,4.5,10.1,5.2,5.6,3.4,5.4,64.8
301,Equanimeous St. Brown   CHI,WR,16,8.8,5.9,7.3,0.9,4.4,0.1,8.8,1.6,0.0,0.9,4.4,1.7,11.6,BYE,3.0,—,4.0,1.3,4.0,64.7
302,Zack Moss   IND,RB,13,7.6,1.7,6.2,0.6,0.7,—,—,—,—,0.4,0.7,0.2,1.8,BYE,8.1,8.0,7.4,21.1,5.0,64.5
303,Brock Wright   DET,TE,16,0.0,3.5,0.0,0.0,—,BYE,9.7,1.6,0.0,7.2,4.0,2.6,4.5,0.0,12.1,2.1,16.3,0.0,4.0,63.6
304,Trenton Irwin   CIN,WR,9,—,—,—,—,—,—,—,4.7,3.5,BYE,13.2,2.6,2.2,13.8,1.5,19.5,—,2.2,7.0,63.2
304,Tutu Atwell   LAR,WR,13,0.0,0.0,0.0,—,6.4,0.9,BYE,—,—,—,13.2,4.3,9.1,9.5,1.6,3.4,3.0,11.8,4.9,63.2
306,Chicago Bears   CHI,DST,17,10.0,5.0,6.0,6.0,4.0,7.0,10.0,-1.0,-1.0,2.0,4.0,0.0,-1.0,BYE,7.0,3.0,-2.0,3.0,3.6,62.0
307,Harrison Bryant   CLE,TE,14,3.8,7.5,—,5.8,0.0,4.8,3.5,—,BYE,10.5,8.1,2.9,2.4,1.8,2.7,—,3.9,4.0,4.4,61.7
308,Shi Smith   CAR,WR,17,2.2,1.2,4.2,0.0,10.9,0.0,0.0,0.0,3.0,2.7,4.6,0.0,BYE,9.7,3.4,2.7,17.0,0.0,3.6,61.6
309,Trey McBride   ARI,TE,14,—,0.0,0.0,5.4,—,0.0,0.0,0.0,—,1.7,5.4,1.1,BYE,5.8,9.5,4.7,20.8,7.1,4.4,61.5
310,Kylen Granson   IND,TE,13,5.2,3.4,2.7,10.2,2.6,7.8,1.6,4.1,0.0,9.7,2.6,—,5.9,BYE,5.4,—,—,—,4.7,61.2
311,Mike White   NYJ,QB,4,—,—,—,—,—,—,—,—,—,BYE,—,24.8,19.5,10.7,—,—,5.6,—,15.1,60.6
312,Jarvis Landry   NO,WR,9,18.4,6.5,4.2,4.7,—,—,—,—,—,6.7,12.3,4.0,3.4,BYE,0.0,—,—,—,6.7,60.2
313,Matt Breida   NYG,RB,17,2.4,-0.4,0.3,1.8,4.7,3.1,4.3,2.5,BYE,2.0,9.9,2.5,1.4,3.5,2.2,0.9,7.7,11.0,3.5,59.8
314,Cooper Rush   DAL,QB,8,2.6,13.6,12.4,17.6,4.0,8.2,—,—,BYE,—,1.2,—,—,—,—,—,—,0.0,7.5,59.6
315,Gus Edwards   BAL,RB,9,—,—,—,—,—,—,18.6,6.5,—,BYE,—,9.2,1.2,6.6,5.5,9.9,0.2,1.6,6.6,59.3
316,Bam Knight   NYJ,RB,7,—,—,—,—,—,—,—,—,—,BYE,—,13.3,16.8,15.7,2.3,2.3,6.4,2.2,8.4,59.0
317,Justin Watson   KC,WR,17,0.0,13.0,0.0,0.0,2.0,0.0,7.4,BYE,5.7,2.2,9.7,4.6,2.5,0.0,0.0,0.0,3.7,7.7,3.4,58.5
318,Ray-Ray McCloud III   SF,WR,17,3.0,2.6,2.1,1.6,0.0,0.0,16.5,2.1,BYE,4.3,0.0,2.2,0.0,2.8,2.6,13.1,5.2,0.0,3.4,58.1
319,Braxton Berrios   NYJ,WR,17,8.7,2.2,-0.2,5.7,8.4,9.6,7.2,0.0,1.6,BYE,0.0,2.3,2.9,3.5,2.4,0.0,3.4,0.0,3.4,57.7
320,Kadarius Toney   KC,WR,9,2.3,2.0,—,—,—,—,—,BYE,3.2,19.0,0.0,—,—,—,1.5,7.8,9.1,12.4,6.4,57.3
321,Kendall Hinton   DEN,WR,11,—,3.0,3.7,5.9,—,1.8,2.4,—,BYE,10.2,8.7,9.8,2.1,8.8,—,—,0.0,—,5.1,56.4
322,C.J. Uzomah   NYJ,TE,14,—,—,1.5,0.0,3.2,3.7,1.5,3.7,4.6,BYE,0.0,4.7,4.1,1.7,18.1,4.0,5.4,—,4.0,56.2
323,J.D. McKissic   WAS,RB,9,7.8,13.3,10.0,8.6,8.7,2.0,0.4,5.0,—,—,—,—,—,BYE,0.0,—,—,—,6.2,55.8
324,Irv Smith Jr.   MIN,TE,8,0.0,14.6,5.2,5.3,8.2,10.7,BYE,6.8,—,—,—,—,—,—,—,—,—,4.4,6.9,55.2
325,MyCole Pruitt   ATL,TE,10,—,—,—,—,—,7.2,—,—,1.6,1.6,2.7,8.9,7.7,BYE,4.0,0.0,8.9,12.4,5.5,55.0
326,Ameer Abdullah   LV,RB,16,0.0,3.3,0.0,0.0,0.0,BYE,2.7,6.8,1.8,7.3,3.5,14.5,0.4,3.7,3.4,4.7,—,2.0,3.4,54.1
327,Mo Alie-Cox   IND,TE,14,4.6,1.9,1.9,26.5,1.7,—,—,0.0,3.3,—,2.4,3.4,-0.4,BYE,0.0,1.2,0.0,7.4,3.9,53.9
328,Kyle Juszczyk   SF,RB,13,0.0,6.1,3.4,5.4,4.7,7.3,6.4,—,BYE,—,0.4,2.2,10.2,2.7,—,—,0.9,3.9,4.1,53.6
329,Rashod Bateman   BAL,WR,6,13.9,20.8,5.9,4.7,—,—,8.2,0.0,—,BYE,—,—,—,—,—,—,—,—,8.9,53.5
330,Tyler Huntley   BAL,QB,5,—,—,—,—,—,—,—,—,—,BYE,—,—,16.6,6.6,6.0,13.2,10.6,—,10.6,53.0
331,Tre'Quan Smith   NO,WR,10,—,—,14.5,2.8,2.0,13.3,10.9,0.0,5.9,0.0,—,1.8,—,BYE,—,—,—,1.6,5.3,52.8
332,Tommy Tremble   CAR,TE,16,1.1,0.0,1.7,6.4,0.0,—,9.9,3.7,7.1,0.0,0.0,1.2,BYE,0.0,4.0,3.8,12.3,1.2,3.3,52.4
333,Robbie Chosen   ARI,WR,12,21.2,4.2,2.4,5.6,4.2,—,0.0,0.0,0.6,—,—,2.7,BYE,9.0,0.0,—,2.3,—,4.4,52.2
333,Rashaad Penny   SEA,RB,5,8.7,1.5,7.9,28.7,5.4,—,—,—,—,—,BYE,—,—,—,—,—,—,—,10.4,52.2
335,Jonnu Smith   NE,TE,13,6.3,0.0,6.5,0.0,—,8.1,1.4,4.0,5.1,BYE,8.5,—,2.6,0.0,4.4,5.1,—,—,4.0,52.0
336,Damiere Byrd   ATL,WR,12,—,—,—,0.0,0.0,—,14.5,15.7,0.0,8.8,4.9,—,2.2,BYE,0.0,2.5,2.2,1.0,4.3,51.8
337,Phillip Dorsett II   HOU,WR,15,0.0,—,2.5,0.0,0.0,BYE,12.5,1.6,9.9,4.2,0.0,1.5,3.8,3.8,0.0,7.5,4.4,—,3.4,51.7
338,Wan'Dale Robinson   NYG,WR,6,1.5,—,—,—,—,12.7,11.0,3.5,BYE,3.5,19.4,—,—,—,—,—,—,—,8.6,51.6
339,Joe Flacco   NYJ,QB,5,15.4,26.9,5.4,—,—,—,—,—,—,BYE,—,—,—,-2.0,—,—,—,5.7,10.3,51.3
340,Michael Thomas   NO,WR,3,22.7,18.5,9.9,—,—,—,—,—,—,—,—,—,—,BYE,—,—,—,—,17.0,51.1
340,Justin Jackson   DET,RB,15,—,0.0,0.0,8.7,1.4,BYE,0.2,0.0,2.7,4.8,8.7,2.9,5.3,10.1,4.1,-0.1,—,2.3,3.4,51.1
342,Mark Ingram II   NO,RB,10,1.3,6.1,7.8,7.3,3.6,6.7,5.2,1.2,—,—,—,1.0,9.9,BYE,—,—,—,—,5.0,50.1
343,A.J. Green   ARI,WR,13,3.3,0.0,0.0,—,0.0,2.7,—,0.0,—,9.0,10.0,1.5,BYE,1.7,0.0,—,3.7,18.1,3.8,50.0
344,Jameis Winston   NO,QB,3,21.7,10.6,16.4,—,—,—,—,—,—,—,—,—,—,BYE,—,—,—,—,16.2,48.7
344,Dare Ogunbowale   HOU,RB,15,—,0.0,—,0.0,0.0,BYE,11.2,1.0,0.0,2.3,1.5,9.0,4.1,2.1,1.4,2.8,4.5,8.8,3.2,48.7
346,Jake Ferguson   DAL,TE,13,0.0,0.0,3.3,1.7,—,14.0,1.7,7.1,BYE,—,3.5,8.7,1.9,—,—,3.4,1.7,1.4,3.7,48.4
347,Brandon Powell   LAR,WR,17,2.3,-1.0,5.7,1.1,0.1,8.0,BYE,0.0,1.4,0.7,3.5,2.6,12.4,0.0,1.7,4.5,1.9,2.7,2.8,47.6
348,DeeJay Dallas   SEA,RB,15,0.0,-1.0,5.8,0.0,2.0,0.1,6.1,0.0,0.4,0.0,BYE,3.5,3.7,—,—,10.2,12.8,3.6,3.1,47.2
349,Sammy Watkins   BAL,WR,9,4.8,12.3,—,—,—,—,5.6,1.3,1.9,7.7,0.0,—,—,—,—,5.0,—,7.9,5.2,46.5
350,Boston Scott   PHI,RB,15,7.0,3.1,0.0,—,—,1.6,BYE,2.1,0.5,0.5,3.2,2.4,3.1,10.7,0.0,0.0,0.6,11.4,3.1,46.2
351,Jarrett Stidham   LV,QB,3,—,—,—,—,—,BYE,—,2.9,—,—,—,—,—,—,—,—,28.0,14.8,15.2,45.6
352,David Bell   CLE,WR,16,0.0,1.6,1.6,5.5,1.6,2.3,1.7,4.7,BYE,5.4,6.2,6.3,0.0,5.7,—,2.8,0.0,0.0,2.8,45.4
353,Caleb Huntley   ATL,RB,12,—,0.3,—,11.6,3.4,5.9,2.2,9.1,3.4,3.2,1.6,2.3,1.7,BYE,0.2,—,—,—,3.7,44.9
354,Adam Trautman   NO,TE,13,—,—,1.9,6.7,11.2,1.8,—,—,1.8,4.2,4.2,2.7,4.8,BYE,0.0,0.0,2.6,2.8,3.4,44.7
355,Elijah Mitchell   SF,RB,5,4.1,—,—,—,—,—,—,—,BYE,9.8,5.9,6.3,—,—,—,—,—,17.5,8.7,43.6
356,Skyy Moore   KC,WR,16,4.0,0.0,-2.0,5.1,3.5,3.4,-2.0,BYE,0.0,1.6,11.3,6.6,1.2,1.7,1.2,1.5,6.3,—,2.7,43.4
357,Travis Homer   SEA,RB,12,0.2,8.2,0.7,0.0,—,0.0,—,4.1,6.2,0.0,BYE,13.3,—,5.4,5.0,0.0,—,—,3.6,43.1
358,Raheem Blackshear   CAR,RB,13,—,—,—,—,0.0,0.0,-0.5,0.1,15.3,3.2,3.4,0.1,BYE,11.9,0.0,8.5,0.9,0.1,3.3,43.0
359,Ty Johnson   NYJ,RB,12,—,1.4,—,0.0,0.0,—,1.9,0.6,1.7,BYE,0.4,14.8,10.1,—,—,0.7,6.7,4.5,3.6,42.8
360,Bailey Zappe   NE,QB,4,—,—,—,6.0,11.0,18.4,7.3,—,—,BYE,—,—,—,—,—,—,—,—,10.7,42.6
361,Ashton Dulin   IND,WR,10,7.6,13.2,1.7,3.8,2.8,—,—,—,—,—,0.0,0.0,8.4,BYE,5.0,0.0,—,—,4.3,42.5
362,Scotty Miller   TB,WR,12,—,7.2,1.4,—,7.5,0.0,2.6,3.3,12.3,4.5,BYE,—,1.7,0.0,—,0.0,—,1.8,3.5,42.3
363,P.J. Walker   CAR,QB,6,—,—,—,—,2.4,2.3,15.1,17.7,-1.0,5.7,—,—,BYE,—,—,—,—,—,7.0,42.1
364,Teddy Bridgewater   MIA,QB,5,—,—,0.0,11.8,0.0,20.2,—,—,—,—,BYE,—,—,—,—,—,10.0,—,8.4,42.0
364,Javonte Williams   DEN,RB,4,19.8,9.5,9.0,3.7,—,—,—,—,BYE,—,—,—,—,—,—,—,—,—,10.5,42.0
364,Justice Hill   BAL,RB,15,3.1,1.6,6.0,7.7,—,—,0.6,2.8,2.9,BYE,6.8,0.3,2.6,0.0,2.8,1.4,0.0,3.4,2.8,42.0
367,KhaDarel Hodge   ATL,WR,14,6.8,7.7,0.0,0.0,8.3,0.0,0.0,—,2.9,11.7,2.3,—,0.0,BYE,0.0,0.0,1.5,—,2.9,41.2
368,Shane Zylstra   DET,TE,11,0.0,0.0,0.0,—,—,BYE,—,—,7.1,0.0,—,—,1.4,3.8,1.4,25.6,1.7,0.0,3.7,41.0
369,Josh Oliver   BAL,TE,12,—,—,8.8,—,0.0,4.1,0.0,1.4,2.9,BYE,1.2,17.6,—,—,3.3,1.6,0.0,0.0,3.4,40.9
370,Ian Thomas   CAR,TE,14,7.3,2.3,3.3,1.6,2.8,4.2,1.3,1.2,—,—,5.4,4.1,BYE,3.1,0.0,2.2,1.9,—,2.9,40.7
371,Dustin Hopkins   LAC,K,5,7.0,6.0,4.0,10.0,—,13.0,—,BYE,—,—,—,—,—,—,—,—,—,—,8.0,40.0
371,Durham Smythe   MIA,TE,13,2.4,1.5,5.3,0.0,7.9,—,—,—,0.0,0.0,BYE,7.4,4.1,—,0.8,1.8,1.9,6.9,3.1,40.0
373,Gardner Minshew II   PHI,QB,5,—,—,—,—,—,—,BYE,0.8,—,—,—,—,0.4,-0.1,—,24.7,14.0,—,8.0,39.8
374,Peyton Hendershot   DAL,TE,12,—,—,7.3,0.0,0.0,4.2,8.5,3.5,BYE,0.0,0.8,6.2,0.0,—,9.0,—,0.0,—,3.3,39.5
375,Amari Rodgers   HOU,WR,15,0.0,0.0,0.0,0.0,0.0,2.4,1.4,3.2,0.0,-2.0,—,—,—,16.0,4.6,4.7,3.6,5.2,2.6,39.1
376,Johnny Mundt   MIN,TE,13,4.7,4.8,4.3,0.0,2.6,2.1,BYE,7.1,1.1,—,1.8,4.0,2.2,—,1.7,2.6,—,—,3.0,39.0
377,Desmond Ridder   ATL,QB,4,—,—,—,—,—,—,—,—,—,—,—,—,—,BYE,7.7,9.5,5.7,15.9,9.7,38.7
378,Sam Ehlinger   IND,QB,4,—,—,—,—,—,—,—,7.5,7.0,—,—,—,—,BYE,—,—,7.6,16.5,9.7,38.6
379,Alec Ingold   MIA,RB,13,2.0,3.6,0.0,0.0,—,3.2,—,7.6,—,14.5,BYE,1.0,4.5,0.0,1.9,0.0,0.0,—,2.9,38.3
379,Marlon Mack   DEN,RB,8,—,0.0,—,0.0,—,—,—,—,BYE,—,—,2.2,1.9,15.7,16.3,2.2,0.0,—,4.8,38.3
381,Marquez Callaway   NO,WR,11,—,0.0,7.4,8.3,2.5,6.6,4.0,2.0,5.4,—,1.6,—,0.0,BYE,—,—,—,0.0,3.4,37.8
382,Cameron Brate   TB,TE,9,1.7,1.9,10.2,7.2,—,3.4,—,—,—,1.8,BYE,3.5,—,3.2,4.5,—,—,—,4.2,37.4
383,Mitchell Wilcox   CIN,TE,9,—,1.3,1.9,2.8,—,—,3.4,1.3,—,BYE,—,—,2.3,2.0,12.4,9.5,—,—,4.1,36.9
384,O.J. Howard   HOU,TE,11,17.8,1.7,0.0,4.7,0.0,BYE,—,4.4,2.4,0.0,1.9,0.0,—,—,—,—,3.6,—,3.3,36.5
385,Zach Pascal   PHI,WR,15,1.7,3.4,4.8,0.0,—,0.0,BYE,13.7,1.8,2.0,1.9,0.0,3.6,1.5,0.0,1.6,0.0,—,2.4,36.0
386,Colt McCoy   ARI,QB,4,—,—,—,—,—,—,—,—,—,13.9,8.3,—,BYE,11.2,2.3,—,—,—,9.0,35.8
386,Connor Heyward   PIT,TE,17,0.0,0.0,0.0,0.0,3.2,6.9,1.6,0.0,BYE,2.9,0.0,0.0,8.7,2.3,0.0,2.1,0.0,8.1,2.1,35.8
386,Eric Saubert   DEN,TE,14,0.0,9.2,0.0,3.5,8.6,—,0.0,0.0,BYE,2.2,3.6,—,0.0,1.2,1.5,0.0,6.0,—,2.6,35.8
389,Byron Pringle   CHI,WR,10,3.2,0.0,2.1,—,—,—,—,—,—,2.2,0.0,9.2,—,BYE,11.9,5.4,0.0,1.5,3.6,35.5
390,Sterling Shepard   NYG,WR,3,15.1,9.4,9.9,—,—,—,—,—,BYE,—,—,—,—,—,—,—,—,—,11.5,34.4
390,Malik Davis   DAL,RB,6,—,—,—,—,—,—,—,6.1,BYE,3.8,5.5,—,8.9,—,—,—,8.2,1.9,5.7,34.4
392,Khalil Shakir   BUF,WR,10,—,0.0,—,4.3,16.5,2.4,BYE,0.0,—,1.6,—,—,2.0,0.0,—,3.5,—,3.8,3.4,34.1
393,Velus Jones Jr.   CHI,WR,11,—,—,—,-2.0,7.9,0.8,—,4.8,—,—,0.0,0.6,0.1,BYE,-0.7,7.2,1.3,14.0,3.1,34.0
393,Avery Williams   ATL,RB,17,2.5,1.6,0.9,2.1,10.1,1.8,0.4,2.7,1.2,2.5,-2.0,0.0,0.0,BYE,3.0,5.0,1.0,1.2,2.0,34.0
395,Jalen Nailor   MIN,WR,8,—,—,—,2.3,—,—,BYE,—,—,0.0,2.5,0.0,—,0.0,0.0,—,17.9,10.2,4.1,32.9
396,Dyami Brown   WAS,WR,9,—,—,0.0,1.6,24.5,0.0,—,—,0.0,2.5,—,2.7,—,BYE,1.5,—,—,0.0,3.6,32.8
397,Zach Gentry   PIT,TE,14,6.0,—,—,1.2,9.3,1.4,2.0,1.3,BYE,0.0,2.8,0.6,1.8,0.0,1.4,1.1,—,3.3,2.3,32.2
398,Jordan Mason   SF,RB,12,0.0,0.0,0.7,—,0.0,—,—,—,BYE,—,1.4,2.5,5.1,5.6,6.4,0.0,7.3,2.8,2.7,31.8
399,Steven Sims Jr.   PIT,WR,12,—,—,—,—,0.0,-0.5,—,4.0,BYE,2.7,-0.3,2.9,1.9,7.1,3.9,1.7,6.4,1.6,2.6,31.4
400,C.J. Ham   MIN,RB,12,1.6,0.0,3.5,0.0,—,0.3,BYE,0.0,—,6.3,—,—,0.0,1.9,7.5,1.5,—,8.7,2.6,31.3
401,River Cracraft   MIA,WR,8,—,7.2,8.1,0.0,0.0,0.0,—,—,—,—,BYE,9.5,4.9,—,—,—,—,1.5,3.9,31.2
402,John Bates   WAS,TE,10,0.0,3.5,0.0,5.9,6.9,—,—,1.6,1.5,—,0.0,11.4,—,BYE,0.0,—,—,—,3.1,30.8
402,Lawrence Cager   NYG,WR,6,0.0,—,—,—,—,—,—,0.0,BYE,8.9,4.0,3.0,—,—,—,—,—,14.9,5.1,30.8
402,Craig Reynolds   DET,RB,7,—,3.9,2.8,5.2,12.2,BYE,6.0,0.7,0.0,—,—,—,—,—,—,—,—,—,4.4,30.8
405,Kyren Williams   LAR,RB,8,—,—,—,—,—,—,BYE,—,—,6.9,5.4,9.0,0.9,3.9,0.7,3.1,0.6,—,3.8,30.5
406,Teagan Quitoriano   HOU,TE,7,—,—,—,—,—,BYE,—,—,7.2,—,0.0,4.0,0.0,—,7.8,0.0,—,11.3,4.3,30.3
407,Keelan Cole Sr.   LV,WR,12,—,—,2.2,0.0,0.0,BYE,—,5.0,—,0.0,3.1,3.2,0.0,2.1,13.0,0.0,—,1.5,2.5,30.1
408,Jody Fortson Jr.   KC,TE,10,7.1,0.0,0.0,8.0,—,—,1.8,BYE,—,-0.4,7.1,4.6,1.6,—,0.0,—,—,—,3.0,29.8
409,Denzel Mims   NYJ,WR,9,—,—,—,—,—,—,1.4,9.6,2.2,BYE,5.5,2.1,0.0,6.5,2.3,—,0.0,—,3.3,29.6
410,Donald Parham Jr.   LAC,TE,6,—,—,—,—,0.0,8.3,—,BYE,—,—,—,—,—,—,6.5,1.8,7.3,5.1,4.8,29.0
410,Gary Brightwell   NYG,RB,15,0.0,1.4,—,0.0,6.5,0.0,—,0.0,BYE,0.0,0.0,6.9,0.0,6.1,0.0,-0.1,0.9,7.3,1.9,29.0
412,Eric Tomlinson   DEN,TE,9,0.0,—,—,—,0.0,2.6,4.1,0.0,BYE,0.0,—,—,—,3.1,11.8,—,—,7.3,3.2,28.9
413,Mike Boone   DEN,RB,9,1.2,0.0,0.0,3.9,11.5,1.4,2.3,—,BYE,—,—,—,3.6,4.9,—,—,—,—,3.2,28.8
413,Brandon Bolden   LV,RB,12,10.8,—,4.1,0.9,6.4,BYE,0.0,—,2.0,—,1.4,—,—,0.0,0.0,0.0,3.2,0.0,2.4,28.8
415,James Mitchell   DET,TE,8,—,—,—,—,—,BYE,—,2.4,8.8,1.4,—,3.2,—,—,3.2,5.1,2.5,1.7,3.5,28.3
416,Pierre Strong Jr.   NE,RB,10,—,0.0,—,—,—,0.5,—,0.0,0.0,BYE,0.0,0.0,—,17.0,6.7,3.0,0.0,—,2.7,27.2
417,Jalen Reagor   MIN,WR,17,0.0,3.4,1.2,0.0,7.1,0.0,BYE,0.0,0.0,0.0,2.4,3.5,5.6,0.0,-0.5,0.0,0.0,4.2,1.6,26.9
418,Brevin Jordan   HOU,TE,9,1.5,2.3,—,—,—,BYE,0.0,3.9,1.5,—,—,—,8.6,—,1.9,4.1,3.0,—,3.0,26.8
419,Marcedes Lewis   GB,TE,6,—,—,—,—,7.2,—,—,—,2.9,0.9,—,—,2.0,BYE,2.4,11.2,—,—,4.4,26.6
420,Cedrick Wilson Jr.   MIA,WR,13,4.8,0.0,—,—,4.0,—,0.0,0.0,4.3,1.7,BYE,4.6,0.0,3.9,3.1,0.0,0.0,—,2.0,26.4
421,Jonathan Williams   WAS,RB,9,0.0,—,0.6,4.8,0.0,—,—,—,—,—,—,2.2,0.1,BYE,—,6.1,6.3,6.1,2.9,26.2
422,Hassan Haskins   TEN,RB,14,—,4.7,0.0,0.0,0.0,BYE,1.5,0.0,1.7,0.0,0.0,0.0,—,—,3.5,3.7,7.3,3.6,1.9,26.0
423,KJ Hamler   DEN,WR,7,0.0,—,0.0,6.5,2.0,6.4,2.8,8.1,BYE,—,—,—,—,—,—,—,—,—,3.7,25.8
424,Albert Okwuegbunam Jr.   DEN,TE,6,8.3,0.0,2.2,—,1.5,—,—,—,BYE,—,—,—,—,—,—,—,13.5,0.0,4.3,25.5
425,Sony Michel   LAC,RB,10,1.2,2.9,4.1,5.7,0.0,7.2,2.3,BYE,1.2,0.2,0.1,—,—,—,—,—,—,—,2.5,24.9
426,N'Keal Harry   CHI,WR,6,—,—,—,—,—,—,2.4,10.4,1.6,—,—,—,5.9,BYE,—,—,2.6,1.7,4.1,24.6
427,Josiah Deguara   GB,TE,9,4.8,—,—,0.0,3.9,1.9,—,1.9,9.1,—,—,—,0.0,BYE,—,1.4,1.4,—,2.7,24.4
428,DeSean Jackson   BAL,WR,7,—,—,—,—,—,—,—,—,2.6,BYE,—,9.4,3.0,5.4,0.0,2.0,1.9,—,3.5,24.3
429,Geoff Swaim   TEN,TE,12,4.9,—,10.9,—,1.5,BYE,0.0,—,—,0.0,1.3,0.0,1.4,0.0,—,0.9,1.4,1.5,2.0,23.8
430,Pharaoh Brown   CLE,TE,9,2.7,5.4,6.1,—,—,4.1,0.0,0.0,BYE,3.3,0.0,—,2.1,—,—,—,—,—,2.6,23.7
431,Breshad Perriman   TB,WR,8,-0.7,13.5,5.4,—,—,0.0,—,2.1,1.1,—,BYE,0.0,—,—,—,—,—,1.9,2.9,23.3
431,Jack Stoll   PHI,TE,10,—,—,1.4,—,—,3.1,BYE,0.0,2.3,2.1,1.7,0.0,7.1,4.0,1.6,—,—,—,2.3,23.3
433,Tanner Hudson   CIN,TE,6,—,4.2,—,2.8,—,—,0.0,8.8,—,5.4,—,2.0,—,—,—,—,—,—,3.9,23.2
434,Austin Seibert   DET,K,3,5.0,11.0,7.0,—,—,BYE,—,—,—,—,—,—,—,—,—,—,—,—,7.7,23.0
435,Joshua Dobbs   TEN,QB,2,—,—,—,—,—,BYE,—,—,—,—,—,—,—,—,—,—,11.5,11.4,11.4,22.8
435,Malcolm Brown   LAR,RB,7,—,—,—,—,—,3.8,BYE,1.0,2.9,—,—,—,—,3.7,0.0,3.1,8.3,—,3.3,22.8
437,Reggie Gilliam   BUF,RB,11,0.0,9.7,4.2,0.0,0.0,4.8,BYE,—,—,—,0.0,0.0,—,—,—,2.2,1.7,0.0,2.1,22.6
438,Dan Arnold   JAC,TE,11,—,1.8,—,3.6,3.0,—,3.4,1.8,2.9,1.8,BYE,—,0.0,1.5,—,2.7,0.0,—,2.0,22.5
439,Malik Willis   TEN,QB,7,—,-0.2,—,—,—,BYE,—,2.4,7.2,-2.4,—,—,1.4,—,1.6,12.3,—,—,3.2,22.3
440,Tom Kennedy   DET,WR,7,—,—,—,8.4,0.0,BYE,3.4,—,2.6,5.4,2.3,0.0,—,—,—,—,—,—,3.2,22.1
441,Brett Rypien   DEN,QB,4,—,—,—,—,—,—,8.9,—,BYE,—,—,—,—,3.6,8.7,0.8,—,—,5.5,22.0
441,Tevin Coleman   SF,RB,3,—,—,—,—,21.7,0.3,—,—,BYE,—,—,—,—,—,0.0,—,—,—,7.3,22.0
443,Corey Clement   ARI,RB,5,—,—,—,—,—,—,—,—,—,—,0.0,1.8,BYE,3.1,—,—,3.2,13.8,4.4,21.9
444,David Sills V   NYG,WR,7,—,6.7,4.0,1.5,3.2,1.8,2.9,1.5,BYE,—,—,—,—,—,—,—,—,—,3.1,21.6
445,Jeff Smith   NYJ,WR,7,—,2.7,—,0.0,2.1,—,0.0,3.3,1.6,BYE,—,—,—,—,11.7,—,—,—,3.1,21.4
446,Darrel Williams   ARI,RB,5,—,14.2,0.7,1.9,0.9,—,—,3.4,—,—,—,—,BYE,—,—,—,—,—,4.2,21.1
447,Ko Kieft   TB,TE,15,0.0,0.0,0.0,2.9,0.0,0.0,2.8,1.9,1.6,—,BYE,7.5,2.2,2.1,0.0,0.0,0.0,—,1.4,21.0
448,Davis Webb   NYG,QB,1,—,—,—,—,—,—,—,—,BYE,—,—,—,—,—,—,—,—,20.8,20.8,20.8
449,David Blough   ARI,QB,2,—,—,—,—,—,—,—,—,—,—,—,—,BYE,—,—,—,13.6,7.0,10.3,20.6
450,Skylar Thompson   MIA,QB,7,—,—,—,—,3.6,4.5,—,—,—,0.7,BYE,-1.3,-1.0,—,—,—,7.6,6.4,2.9,20.5
451,Quintin Morris   BUF,TE,9,—,1.6,4.2,0.0,4.9,0.0,BYE,—,—,—,—,1.3,—,—,8.4,0.0,—,0.0,2.3,20.4
452,Derek Watt   PIT,RB,12,—,0.2,—,—,1.1,0.0,0.0,8.6,BYE,0.5,—,1.5,1.7,—,0.2,0.0,0.3,6.1,1.7,20.2
453,Kenny Golladay   NYG,WR,7,4.2,0.0,0.0,0.0,—,—,—,—,BYE,0.0,4.9,—,—,—,—,—,—,11.0,2.9,20.1
454,Matt Ammendola   GB,K,4,—,9.0,3.0,—,5.0,3.0,—,—,—,—,—,—,—,BYE,—,—,—,—,5.0,20.0
454,Patrick Ricard   BAL,RB,13,1.7,0.5,2.2,5.0,—,0.0,4.0,0.0,1.6,BYE,0.4,3.4,1.0,0.2,0.0,—,—,—,1.5,20.0
456,Kyle Allen   HOU,QB,3,—,—,—,—,—,BYE,—,—,—,0.0,—,11.8,8.1,—,—,—,—,—,6.6,19.9
457,Chris Myarick   NYG,TE,10,7.1,0.0,1.6,—,1.4,—,4.1,2.0,BYE,0.0,—,3.3,0.0,0.0,—,—,—,—,2.0,19.5
457,Ross Dwelley   SF,TE,6,2.1,10.8,0.0,0.0,0.0,—,—,6.6,BYE,—,—,—,—,—,—,—,—,—,3.3,19.5
459,Sam Howell   WAS,QB,1,—,—,—,—,—,—,—,—,—,—,—,—,—,BYE,—,—,—,19.3,19.3,19.3
460,Samori Toure   GB,WR,4,—,—,—,—,—,—,1.4,10.7,5.4,—,—,—,1.7,BYE,—,—,—,—,4.8,19.2
461,T.Y. Hilton   DAL,WR,3,—,—,—,—,—,—,—,—,BYE,—,—,—,—,—,—,6.2,9.0,3.9,6.4,19.1
462,Anthony Firkser   ATL,TE,9,1.6,—,3.2,0.0,2.1,—,—,—,—,—,—,2.6,4.4,BYE,0.0,3.0,—,2.1,2.1,19.0
462,Rodrigo Blankenship   ARI,K,3,9.0,—,—,—,—,—,10.0,0.0,—,—,—,—,BYE,—,—,—,—,—,6.3,19.0
462,Royce Freeman   HOU,RB,5,—,—,—,—,—,BYE,—,—,—,—,—,0.0,—,—,6.6,4.8,6.9,0.7,3.8,19.0
465,Michael Bandy   LAC,WR,9,—,—,—,6.9,0.0,1.4,0.5,BYE,7.6,0.0,0.0,0.0,2.5,—,—,—,—,—,2.1,18.9
465,Marcus Johnson   NYG,WR,9,—,—,—,0.0,6.5,4.5,0.0,1.3,BYE,—,—,—,0.0,—,0.0,0.0,—,6.6,2.1,18.9
467,Anthony Schwartz   CLE,WR,7,4.9,—,—,—,0.0,0.0,—,—,BYE,1.3,0.0,11.8,0.8,—,—,—,—,—,2.7,18.8
468,Benny Snell Jr.   PIT,RB,9,0.0,—,—,0.0,—,—,0.0,—,BYE,0.0,—,13.8,4.5,0.4,—,0.0,—,0.0,2.1,18.7
469,Zander Horvath   LAC,RB,8,8.8,7.1,0.0,0.0,0.3,1.0,—,BYE,—,1.1,0.3,—,—,—,—,—,—,—,2.3,18.6
470,Keaontay Ingram   ARI,RB,11,—,—,—,—,—,0.7,11.7,0.0,0.2,0.5,1.9,0.5,BYE,0.1,0.0,0.2,—,2.3,1.6,18.1
471,Giovanni Ricci   CAR,TE,11,0.0,2.6,2.5,0.0,5.7,—,0.0,0.0,1.8,1.2,—,—,BYE,—,—,—,4.2,0.0,1.6,18.0
472,Parker Hesse   ATL,TE,12,1.5,1.5,0.0,3.2,1.9,—,—,1.9,—,0.0,—,1.9,2.6,BYE,0.0,1.8,—,1.6,1.5,17.9
472,Brycen Hopkins   LAR,TE,7,—,—,—,—,—,—,BYE,—,0.0,2.1,—,2.2,—,1.8,—,8.7,3.1,0.0,2.6,17.9
474,John Wolford   LAR,QB,2,—,—,—,—,—,—,BYE,—,—,9.8,—,—,8.0,—,—,—,—,—,8.9,17.8
475,Bryce Perkins   LAR,QB,5,—,—,—,—,—,—,BYE,—,—,0.3,6.5,10.4,0.5,—,—,-0.2,—,—,3.5,17.4
476,Jeff Driskel   HOU,QB,7,0.5,1.0,—,—,—,BYE,—,—,—,—,—,—,—,9.1,1.1,3.2,1.1,1.2,2.5,17.2
476,Tre' McKitty   LAC,TE,13,5.4,—,0.0,1.4,0.0,0.0,0.0,BYE,—,5.1,—,0.0,1.8,1.5,—,2.0,0.0,0.0,1.3,17.2
478,Cam Sims   WAS,WR,13,0.0,0.0,—,—,1.7,1.6,2.2,3.1,2.2,0.0,2.7,—,0.8,BYE,—,0.0,2.6,0.0,1.3,16.9
479,Ronald Jones II   KC,RB,5,—,—,—,—,—,—,—,BYE,—,—,—,4.4,—,—,0.6,0.4,0.3,10.5,3.2,16.2
480,Dax Milne   WAS,WR,15,0.0,1.6,2.2,0.0,0.0,1.5,1.4,1.4,7.6,0.0,0.0,—,—,BYE,0.0,0.0,0.0,0.0,1.0,15.7
481,Jameson Williams   DET,WR,6,—,—,—,—,—,BYE,—,—,—,—,—,—,0.0,11.1,0.0,0.0,4.0,0.0,2.5,15.1
482,Taylor Bertolet   LAC,K,3,—,—,—,—,12.0,—,3.0,BYE,—,0.0,—,—,—,—,—,—,—,—,5.0,15.0
483,Phillip Lindsay   IND,RB,3,—,—,—,—,8.4,6.2,—,—,0.2,—,—,—,—,BYE,—,—,—,—,4.9,14.8
484,Jordan Wilkins   IND,RB,4,—,—,—,—,—,—,—,—,6.8,1.8,—,—,—,BYE,—,0.4,5.7,—,3.7,14.7
485,Salvon Ahmed   MIA,RB,7,—,—,—,—,—,—,—,0.2,0.0,1.1,BYE,—,—,0.1,10.3,—,1.8,0.7,2.0,14.2
485,Brandon Johnson   DEN,WR,5,—,—,—,—,—,—,—,—,BYE,—,1.2,9.0,—,0.0,6.0,—,—,-2.0,2.8,14.2
487,Armani Rogers   WAS,TE,9,3.3,—,0.0,—,0.0,0.0,5.8,2.3,2.4,0.0,—,—,—,BYE,—,—,—,0.2,1.6,14.0
488,Dee Eskridge   SEA,WR,9,1.0,1.6,—,2.6,0.0,6.9,0.4,1.3,0.0,0.0,BYE,—,—,—,—,—,—,—,1.5,13.8
489,Trace McSorley   ARI,QB,5,2.5,—,—,—,—,—,—,—,—,—,2.0,—,BYE,—,2.6,5.1,—,1.5,2.7,13.6
490,Jalen Virgil   DEN,WR,7,—,—,—,—,—,—,—,—,BYE,13.6,—,-2.0,0.0,1.9,0.0,0.0,—,0.0,1.9,13.5
490,Trey Lance   SF,QB,3,11.0,2.5,—,—,—,—,—,—,BYE,0.0,—,—,—,—,—,—,—,—,4.5,13.5
492,James Proche II   BAL,WR,12,0.0,—,—,—,1.7,—,0.0,5.4,4.2,BYE,0.0,0.0,1.9,—,0.0,0.0,0.0,0.0,1.1,13.2
493,Grant Calcaterra   PHI,TE,7,—,—,5.0,0.0,—,—,BYE,—,—,—,0.0,0.8,2.9,4.4,0.0,—,—,—,1.9,13.1
494,Chris Evans   CIN,RB,11,—,0.0,1.4,0.0,0.0,0.0,0.0,3.6,0.0,BYE,—,0.0,7.8,—,0.0,—,—,—,1.2,12.8
494,Nick Mullens   MIN,QB,4,—,—,—,—,—,—,BYE,—,-0.1,—,2.2,—,—,—,—,—,6.3,4.4,3.2,12.8
496,Tyrod Taylor   NYG,QB,3,—,0.0,—,2.4,—,—,—,—,BYE,—,—,—,—,9.9,—,—,—,—,4.1,12.3
497,Gunner Olszewski   PIT,WR,15,0.0,-0.2,0.0,0.0,—,0.0,0.0,0.0,BYE,1.4,5.9,0.9,0.2,1.7,1.3,—,0.6,0.4,0.8,12.2
498,Jamison Crowder   BUF,WR,4,5.8,2.6,1.9,1.7,—,—,BYE,—,—,—,—,—,—,—,—,—,—,—,3.0,12.0
499,Andrew Beck   DEN,TE,9,7.2,-0.1,—,0.0,0.0,1.7,0.0,—,BYE,—,—,—,—,—,0.1,—,3.0,0.0,1.3,11.9
500,Kyle Rudolph   TB,TE,5,—,—,2.2,—,0.0,—,1.8,0.0,—,—,BYE,—,—,—,—,—,—,7.8,2.4,11.8
500,Kyle Philips   TEN,WR,4,10.6,-0.5,—,0.0,1.7,BYE,—,—,—,—,—,—,—,—,—,—,—,—,3.0,11.8
502,Trent Taylor   CIN,WR,16,0.0,0.0,0.0,0.0,0.0,-2.0,0.0,1.5,5.2,BYE,1.1,1.8,-0.3,4.4,0.0,0.0,—,0.0,0.7,11.7
502,Jordan Love   GB,QB,4,2.6,—,—,—,—,0.3,—,—,—,—,—,8.5,—,BYE,—,—,0.3,—,2.9,11.7
504,Nick Vannett   NYG,TE,7,—,—,1.5,—,—,—,—,1.8,BYE,—,—,—,0.0,1.9,2.5,0.0,—,3.8,1.6,11.5
504,Kene Nwangwu   MIN,RB,14,0.0,0.0,0.0,0.0,0.0,0.0,BYE,0.0,0.0,0.0,1.6,6.0,—,—,0.0,—,0.0,3.9,0.8,11.5
504,Andre Baccellia   ARI,WR,7,0.0,3.2,3.3,0.0,—,—,—,—,—,—,—,1.7,BYE,—,—,—,1.7,1.6,1.6,11.5
507,Freddie Swain   DEN,WR,3,—,—,—,—,—,—,—,—,BYE,—,—,—,—,—,1.9,2.1,—,7.4,3.8,11.4
508,Kevin Harris   NE,RB,5,—,—,—,—,—,0.5,—,—,—,BYE,—,—,-0.1,8.6,1.9,0.3,—,—,2.2,11.2
508,John Brown   BUF,WR,2,—,—,—,—,—,—,BYE,—,—,—,—,—,—,0.0,—,—,—,11.2,5.6,11.2
508,Trevor Siemian   CHI,QB,2,—,—,—,—,—,—,—,0.2,—,—,—,11.0,—,BYE,—,—,—,—,5.6,11.2
511,Deven Thompkins   TB,WR,5,—,—,—,—,—,—,—,—,—,—,BYE,—,—,0.0,2.6,0.0,0.0,8.2,2.2,10.8
512,Darrynton Evans   CHI,RB,3,—,—,—,—,—,—,—,—,—,—,—,7.7,2.1,BYE,0.9,—,—,—,3.6,10.7
513,Jake Kumerow   BUF,WR,5,—,7.0,3.4,—,—,—,BYE,0.0,0.0,0.0,—,—,—,—,—,—,—,—,2.1,10.4
513,Tony Jones Jr.   SEA,RB,3,—,4.0,—,—,—,—,—,—,—,—,BYE,—,5.2,1.2,—,—,—,—,3.5,10.4
515,Ty Montgomery II   NE,RB,1,10.3,—,—,—,—,—,—,—,—,BYE,—,—,—,—,—,—,—,—,10.3,10.3
516,Chris Manhertz   JAC,TE,8,—,—,—,1.0,3.5,0.0,0.0,0.9,1.7,—,BYE,—,0.0,3.1,—,—,—,—,1.3,10.2
516,Laquon Treadwell   SEA,WR,3,—,—,—,—,—,—,—,—,—,—,BYE,—,1.1,—,—,5.6,3.5,—,3.4,10.2
516,Snoop Conner   JAC,RB,5,—,—,—,—,—,—,—,—,—,—,BYE,1.1,0.6,—,0.3,0.5,7.7,—,2.0,10.2
516,Ke'Shawn Vaughn   TB,RB,9,—,—,—,0.0,—,0.0,—,—,0.4,2.3,BYE,1.5,—,—,0.0,0.6,0.0,5.4,1.1,10.2
520,Caleb Shudak   TEN,K,1,—,—,—,—,—,BYE,—,—,—,—,—,10.0,—,—,—,—,—,—,10.0,10.0
520,Ronnie Rivers   LAR,RB,2,—,—,—,—,—,2.4,BYE,7.6,—,—,—,—,—,—,—,—,—,—,5.0,10.0
520,Blake Bell   KC,TE,2,—,—,—,—,—,—,—,BYE,—,—,—,—,—,—,—,—,8.7,1.3,5.0,10.0
520,Tristan Vizcaino   NE,K,3,—,—,—,—,—,—,—,—,—,10.0,—,—,0.0,—,—,0.0,—,—,3.3,10.0
524,Tyrion Davis-Price   SF,RB,5,—,3.3,—,—,—,—,0.4,—,BYE,—,—,—,—,—,—,3.0,0.5,2.7,2.0,9.9
525,Tyler Kroft   SF,TE,7,1.9,0.0,—,—,—,—,—,1.6,BYE,—,—,—,2.4,0.0,3.8,0.0,—,—,1.4,9.7
526,Cole Beasley   BUF,WR,5,—,—,4.2,1.5,—,—,BYE,—,—,—,—,—,—,—,1.9,1.9,0.0,—,1.9,9.5
527,Kevin White   NO,WR,6,—,—,—,—,—,0.0,7.4,0.0,2.0,0.0,—,0.0,—,BYE,—,—,—,—,1.6,9.4
527,Myles Gaskin   MIA,RB,2,—,—,—,—,6.3,—,—,—,—,—,BYE,3.1,—,—,—,—,—,—,4.7,9.4
527,Tyler Badie   DEN,RB,1,—,—,—,—,—,—,—,—,BYE,—,—,—,—,—,—,—,—,9.4,9.4,9.4
530,Nathan Peterman   CHI,QB,3,—,—,—,—,—,—,—,—,—,—,—,—,—,BYE,0.0,0.0,—,9.3,3.1,9.3
531,David Johnson   NO,RB,4,—,—,—,—,—,—,—,—,—,—,1.7,—,—,BYE,-0.8,3.4,—,4.8,2.3,9.1
532,Michael Woods II   CLE,WR,8,—,—,—,—,—,2.5,—,1.6,BYE,0.0,—,—,0.0,—,0.9,1.5,0.0,2.5,1.1,9.0
532,Chris Streveler   NYJ,QB,1,—,—,—,—,—,—,—,—,—,BYE,—,—,—,—,—,9.0,—,—,9.0,9.0
534,Charlie Kolar   BAL,TE,1,—,—,—,—,—,—,—,—,—,BYE,—,—,—,—,—,—,—,8.9,8.9,8.9
534,Michael Strachan   IND,WR,6,5.6,3.3,—,0.0,—,0.0,—,—,—,—,—,—,—,BYE,0.0,—,0.0,—,1.5,8.9
536,Chris Conley   TEN,WR,4,0.0,—,—,—,—,BYE,—,—,0.0,—,—,—,—,3.7,4.9,—,—,—,2.2,8.6
537,Chase Daniel   LAC,QB,4,—,0.0,—,—,—,—,—,BYE,—,0.0,—,—,—,—,—,—,1.1,7.4,2.1,8.5
538,Isaiah Spiller   LAC,RB,5,—,—,—,—,—,—,-0.5,BYE,2.9,0.3,4.2,1.5,—,—,—,—,—,—,1.7,8.4
538,Cody Hollister   TEN,WR,6,3.2,—,—,—,0.0,BYE,5.2,0.0,0.0,—,—,0.0,—,—,—,—,—,—,1.4,8.4
538,Jalen Guyton   LAC,WR,2,0.0,—,8.4,—,—,—,—,BYE,—,—,—,—,—,—,—,—,—,—,4.2,8.4
541,Julius Chestnut   TEN,RB,6,—,—,—,—,—,BYE,—,—,—,—,—,—,1.3,2.8,0.0,0.0,4.2,0.0,1.4,8.3
542,Trayveon Williams   CIN,RB,9,—,—,—,—,—,—,—,0.0,—,BYE,0.7,5.2,0.3,1.8,0.0,0.0,0.0,0.0,0.9,8.0
542,Luke Farrell   JAC,TE,5,0.0,—,—,—,—,2.1,—,—,2.5,—,BYE,—,1.3,—,—,—,—,2.1,1.6,8.0
544,Jaret Patterson   WAS,RB,2,—,—,—,—,—,—,—,—,—,—,—,—,—,BYE,—,—,0.0,7.8,3.9,7.8
544,Mike Thomas   BAL,WR,5,3.5,—,—,—,4.3,—,—,0.0,0.0,BYE,0.0,—,—,—,—,—,—,—,1.6,7.8
546,Tyler Mabry   SEA,TE,1,—,—,—,—,—,—,—,—,—,—,BYE,—,—,—,—,—,7.7,—,7.7,7.7
547,Anthony Brown Jr.   BAL,QB,2,—,—,—,—,—,—,—,—,—,BYE,—,—,—,0.1,—,—,—,7.4,3.8,7.6
548,Tylan Wallace   BAL,WR,8,0.0,1.9,0.0,0.0,1.8,1.4,—,—,—,BYE,0.0,—,—,—,—,—,—,2.2,0.9,7.3
548,Spencer Brown   CAR,RB,2,—,—,—,—,—,—,—,2.7,4.6,—,—,—,BYE,—,—,—,—,—,3.7,7.3
550,Nick Sciba   PIT,K,1,—,—,—,—,—,—,—,7.0,BYE,—,—,—,—,—,—,—,—,—,7.0,7.0
550,Zamir White   LV,RB,11,—,0.2,—,2.4,-0.7,BYE,0.2,—,-0.1,-0.1,—,2.8,0.6,0.9,0.4,—,—,0.4,0.6,7.0
552,Ryan Griffin   CHI,TE,10,0.0,2.8,—,—,1.1,0.0,1.5,—,—,0.0,0.0,—,—,BYE,0.0,1.2,0.0,—,0.7,6.6
552,Tyler Davis   GB,TE,11,1.3,0.0,4.6,0.0,0.7,—,0.0,—,—,—,—,0.0,—,BYE,0.0,0.0,0.0,0.0,0.6,6.6
552,Stephen Sullivan   CAR,TE,9,—,2.3,0.0,0.0,—,0.0,—,4.3,—,—,—,—,BYE,0.0,0.0,0.0,0.0,—,0.7,6.6
552,Trevon Wesco   CHI,TE,7,—,0.0,—,3.3,—,—,—,0.0,2.0,0.0,—,1.3,—,BYE,—,—,0.0,—,0.9,6.6
556,Racey McMath   TEN,WR,4,—,—,—,—,—,BYE,—,—,—,—,—,—,—,0.0,1.1,—,4.9,0.4,1.6,6.4
557,Trestan Ebner   CHI,RB,11,0.0,0.0,2.3,2.8,—,—,0.8,-0.5,—,—,0.8,—,0.0,BYE,0.0,—,0.0,0.0,0.6,6.2
558,Anthony McFarland Jr.   PIT,RB,1,—,—,—,—,—,—,—,—,BYE,—,—,6.1,—,—,—,—,—,—,6.1,6.1
559,Jakob Johnson   LV,RB,11,1.1,—,0.0,—,1.5,BYE,0.0,—,0.0,0.0,1.0,0.0,—,1.1,0.0,—,—,1.3,0.5,6.0
559,Tim Jones   JAC,WR,7,—,—,0.0,0.0,—,3.0,1.7,—,—,—,BYE,0.0,1.3,—,—,0.0,—,—,0.9,6.0
559,Dominik Eberle   DET,K,1,—,—,—,6.0,—,BYE,—,—,—,—,—,—,—,—,—,—,—,—,6.0,6.0
562,Patrick Taylor Jr.   GB,RB,7,—,—,—,0.0,—,—,—,0.0,—,—,0.0,—,0.6,BYE,1.5,2.7,1.0,—,0.8,5.8
562,Nick Foles   IND,QB,2,—,—,—,—,—,—,—,—,—,—,—,—,—,BYE,—,2.7,3.0,—,2.9,5.8
564,Stone Smartt   LAC,TE,3,—,—,—,—,—,—,—,BYE,—,—,1.6,—,2.3,1.8,—,—,—,—,1.9,5.7
565,Ben Ellefson   MIN,TE,2,1.2,—,4.4,—,—,—,BYE,—,—,—,—,—,—,—,—,—,—,—,2.8,5.6
566,Kendall Blanton   KC,TE,2,—,—,3.8,1.7,—,—,—,BYE,—,—,—,—,—,—,—,—,—,—,2.8,5.5
566,Dwayne Washington   NO,RB,7,—,1.8,0.0,—,0.0,—,0.0,1.3,2.4,—,—,0.0,—,BYE,—,—,—,—,0.8,5.5
568,Simi Fehoko   DAL,WR,3,3.2,0.0,2.2,—,—,—,—,—,BYE,—,—,—,—,—,—,—,—,—,1.8,5.4
568,D'Ernest Johnson   CLE,RB,10,0.0,—,—,0.0,—,2.9,0.0,1.7,BYE,0.8,0.0,—,—,—,0.0,0.0,0.0,—,0.5,5.4
570,Larry Rountree III   LAC,RB,3,—,—,—,—,—,—,—,BYE,—,0.0,—,—,—,—,—,—,3.8,1.5,1.8,5.3
571,Montrell Washington   DEN,WR,15,0.0,1.9,0.0,1.4,0.9,-1.0,0.2,1.1,BYE,0.0,0.0,0.8,-0.1,0.0,0.0,0.0,—,—,0.3,5.2
571,Jonathan Ward   TEN,RB,4,0.0,—,—,—,—,BYE,—,—,—,—,—,—,—,—,—,0.0,4.0,1.2,1.3,5.2
571,Blaine Gabbert   TB,QB,1,—,—,—,—,—,—,—,—,—,—,BYE,—,—,—,—,—,—,5.2,5.2,5.2
574,Penny Hart   SEA,WR,4,—,—,2.5,0.0,—,—,—,—,—,—,BYE,—,—,—,1.3,1.2,—,—,1.3,5.0
575,Jesper Horsted   LV,TE,5,—,—,0.0,—,4.9,BYE,—,0.0,—,—,0.0,0.0,—,—,—,—,—,—,1.0,4.9
576,Adam Prentice   NO,RB,7,—,1.2,0.0,—,—,—,—,—,—,—,—,0.0,0.2,BYE,1.3,0.5,1.6,—,0.7,4.8
576,Jaelon Darden   CLE,WR,14,0.2,0.0,3.5,0.0,0.0,0.0,1.1,0.0,0.0,0.0,—,0.0,0.0,—,—,—,0.0,0.0,0.3,4.8
576,Maxx Williams   ARI,TE,3,—,—,—,—,—,—,—,—,—,—,1.7,—,BYE,—,3.1,0.0,—,—,1.6,4.8
576,Tyrie Cleveland   DEN,WR,5,0.0,4.8,—,—,0.0,0.0,—,—,BYE,0.0,—,—,—,—,—,—,—,—,1.0,4.8
580,Giovani Bernard   TB,RB,4,—,0.0,—,—,—,—,—,—,—,—,BYE,—,—,—,0.0,0.0,—,4.7,1.2,4.7
581,Bryan Edwards   KC,WR,4,0.0,1.2,—,—,2.0,—,—,1.3,—,—,—,—,—,—,—,—,—,—,1.1,4.5
581,Daylen Baldwin   CLE,WR,1,—,—,—,—,—,—,—,—,BYE,—,—,—,—,—,4.5,—,—,—,4.5,4.5
583,Dezmon Patmon   IND,WR,1,—,4.4,—,—,—,—,—,—,—,—,—,—,—,BYE,—,—,—,—,4.4,4.4
583,Dareke Young   SEA,WR,8,0.0,—,—,—,—,—,—,0.0,0.0,—,BYE,—,0.0,—,0.0,0.0,0.0,4.4,0.6,4.4
585,Cole Turner   WAS,TE,7,—,—,—,—,0.0,4.3,0.0,—,—,—,0.0,0.0,0.0,BYE,—,0.0,—,—,0.6,4.3
586,Mike Davis   BAL,RB,5,1.1,0.4,—,—,0.3,—,—,—,1.7,BYE,0.7,—,—,—,—,—,—,—,0.8,4.2
586,Andy Isabella   BAL,WR,4,2.0,—,2.1,—,—,—,—,—,—,BYE,—,—,—,—,—,0.0,0.1,—,1.1,4.2
588,Cade Johnson   SEA,WR,2,—,—,—,—,—,—,—,—,—,—,BYE,—,—,—,—,—,0.0,4.1,2.1,4.1
588,Pharoh Cooper   ARI,WR,5,—,—,—,—,—,—,—,—,—,—,—,0.0,BYE,0.0,—,0.0,0.8,3.3,0.8,4.1
590,Lil'Jordan Humphrey   NE,WR,5,0.0,2.1,0.0,1.9,0.0,—,—,—,—,BYE,—,—,—,—,—,—,—,—,0.8,4.0
591,Stephen Anderson   ARI,TE,9,0.0,1.2,0.0,0.0,—,—,0.0,—,—,0.0,0.0,—,BYE,2.7,—,0.0,—,—,0.4,3.9
592,Michael Burton   KC,RB,12,0.0,1.8,0.2,—,—,0.0,0.0,BYE,1.9,-0.1,0.0,—,0.0,0.0,0.0,—,0.0,—,0.3,3.8
592,Keith Kirkwood   NO,WR,3,—,—,—,—,1.4,2.4,—,—,—,—,—,—,—,BYE,—,0.0,—,—,1.3,3.8
594,Dennis Houston   DAL,WR,2,3.6,0.0,—,—,—,—,—,—,BYE,—,—,—,—,—,—,—,—,—,1.8,3.6
595,Quintez Cephus   DET,WR,3,—,0.0,0.0,3.5,—,BYE,—,—,—,—,—,—,—,—,—,—,—,—,1.2,3.5
596,Nsimba Webster   CHI,WR,1,—,—,—,—,—,—,—,—,—,—,—,—,—,BYE,3.4,—,—,—,3.4,3.4
597,Austin Trammell   LAR,WR,2,—,—,—,—,—,—,BYE,—,—,—,—,—,1.8,1.5,—,—,—,—,1.7,3.3
598,Jalen Tolbert   DAL,WR,3,—,—,1.4,—,—,—,—,—,BYE,0.0,1.8,—,—,—,—,—,—,—,1.1,3.2
599,Miles Boykin   PIT,WR,11,0.0,0.0,0.0,0.0,2.1,0.0,—,0.0,BYE,—,—,—,—,0.0,1.0,—,0.0,0.0,0.3,3.1
599,Sean McKeon   DAL,TE,3,—,—,—,—,—,2.0,—,—,BYE,1.1,—,—,0.0,—,—,—,—,—,1.0,3.1
601,Josh Lambo   TEN,K,1,—,—,—,—,—,BYE,—,—,—,—,3.0,—,—,—,—,—,—,—,3.0,3.0
602,Danny Gray   SF,WR,8,—,0.0,0.0,—,0.0,—,0.0,—,BYE,—,—,—,—,2.0,0.0,0.0,0.9,—,0.4,2.9
603,Juwann Winfree   GB,WR,3,2.7,—,0.0,—,—,0.0,—,—,—,—,—,—,—,BYE,—,—,—,—,0.9,2.7
603,J.J. Taylor   NE,RB,1,—,—,—,—,—,—,—,—,2.7,BYE,—,—,—,—,—,—,—,—,2.7,2.7
605,Mason Schreck   HOU,TE,2,—,—,—,1.0,1.6,BYE,—,—,—,—,—,—,—,—,—,—,—,—,1.3,2.6
605,DJ Turner   LV,WR,6,—,—,—,—,—,BYE,2.0,0.0,0.0,0.0,0.0,—,—,0.6,—,—,—,—,0.4,2.6
607,Devin Asiasi   CIN,TE,5,—,—,—,0.0,—,0.0,—,—,0.0,BYE,0.0,—,—,—,—,2.5,—,—,0.5,2.5
607,Frank Darby   ATL,WR,1,—,—,—,—,—,—,—,—,—,—,—,—,—,BYE,—,—,—,2.5,2.5,2.5
609,Demetric Felton Jr.   CLE,RB,6,0.0,0.9,—,—,—,—,—,0.0,BYE,—,—,—,0.0,0.0,1.5,—,—,—,0.4,2.4
610,Keith Smith   ATL,RB,10,—,—,—,0.0,0.0,2.0,—,0.0,0.0,0.0,—,—,0.0,BYE,—,0.0,0.0,0.0,0.2,2.0
610,Ty Chandler   MIN,RB,2,—,—,—,—,0.0,—,BYE,—,—,—,—,—,—,—,—,—,—,2.0,1.0,2.0
612,Trey Sermon   PHI,RB,1,—,—,—,1.9,—,—,BYE,—,—,—,—,—,—,—,—,—,—,—,1.9,1.9
612,Damarea Crockett   DEN,RB,1,—,—,—,—,—,—,—,—,BYE,1.9,—,—,—,—,—,—,—,—,1.9,1.9
614,Tyron Billy-Johnson   CIN,WR,2,—,—,—,0.0,—,—,—,—,1.8,BYE,—,—,—,—,—,—,—,—,0.9,1.8
614,Jeremy Ruckert   NYJ,TE,3,—,0.0,—,0.0,—,—,—,—,—,BYE,—,—,—,—,—,—,—,1.8,0.6,1.8
614,Drew Sample   CIN,TE,2,1.2,0.6,—,—,—,—,—,—,—,BYE,—,—,—,—,—,—,—,—,0.9,1.8
617,Tommy Sweeney   BUF,TE,2,—,—,—,—,—,1.7,BYE,—,—,—,—,—,0.0,—,—,—,—,—,0.9,1.7
617,Jalen Camp   HOU,WR,1,—,—,—,—,—,BYE,—,—,1.7,—,—,—,—,—,—,—,—,—,1.7,1.7
617,Braylon Sanders   MIA,WR,2,—,—,—,—,—,—,—,1.7,—,—,BYE,—,—,—,0.0,—,—,—,0.9,1.7
617,Maurice Alexander   DET,WR,3,—,—,—,0.0,0.0,BYE,—,1.7,—,—,—,—,—,—,—,—,—,—,0.6,1.7
617,Godwin Igwebuike   SEA,RB,5,—,—,—,—,—,—,—,—,—,—,BYE,—,—,0.0,0.0,0.0,1.7,0.0,0.3,1.7
617,Devine Ozigbo   DEN,RB,3,—,—,—,—,0.2,—,—,—,BYE,—,—,1.3,—,—,0.2,—,—,—,0.6,1.7
623,C.J. Board   TEN,WR,4,—,—,—,—,—,BYE,—,—,—,0.0,0.0,0.0,1.6,—,—,—,—,—,0.4,1.6
623,Jacob Harris   LAR,TE,4,—,0.0,0.0,—,—,—,BYE,—,—,—,0.0,1.6,—,—,—,—,—,—,0.4,1.6
625,Jason Moore Jr.   LAC,WR,1,—,—,—,—,—,—,1.5,BYE,—,—,—,—,—,—,—,—,—,—,1.5,1.5
625,Ty'Son Williams   ARI,RB,1,—,—,—,—,—,—,—,—,—,—,—,—,BYE,—,—,—,—,1.5,1.5,1.5
625,Troy Hairston II   HOU,RB,1,1.5,—,—,—,—,BYE,—,—,—,—,—,—,—,—,—,—,—,—,1.5,1.5
625,Brian Hoyer   NE,QB,1,—,—,—,1.5,—,—,—,—,—,BYE,—,—,—,—,—,—,—,—,1.5,1.5
629,Richard Rodgers   LAC,TE,4,0.0,—,0.0,—,—,—,—,BYE,0.0,1.4,—,—,—,—,—,—,—,—,0.4,1.4
629,Jacob Eason   SF,QB,1,—,—,—,—,—,1.4,—,—,BYE,—,—,—,—,—,—,—,—,—,1.4,1.4
631,Erik Ezukanma   MIA,WR,1,—,—,—,—,—,—,—,—,—,—,BYE,—,—,—,—,—,—,1.3,1.3,1.3
631,Mason Kinsey   TEN,WR,2,—,—,—,—,—,BYE,1.3,—,—,—,—,—,—,—,0.0,—,—,—,0.7,1.3
631,Deonte Harty   NO,WR,4,1.4,1.9,—,-2.0,0.0,—,—,—,—,—,—,—,—,BYE,—,—,—,—,0.3,1.3
634,Jerome Ford   CLE,RB,13,0.0,0.0,0.0,0.0,—,—,—,—,BYE,0.0,0.0,0.0,0.3,0.0,0.0,0.0,0.9,0.0,0.1,1.2
634,Cody White   PIT,WR,1,—,—,—,—,—,—,—,—,BYE,—,—,1.2,—,—,—,—,—,—,1.2,1.2
636,Keke Coutee   IND,WR,7,—,0.0,—,—,—,0.0,—,0.0,0.0,1.0,0.0,—,—,BYE,—,—,—,0.0,0.1,1.0
637,Kyle Trask   TB,QB,1,—,—,—,—,—,—,—,—,—,—,BYE,—,—,—,—,—,—,0.9,0.9,0.9
638,Reggie Bonnafon   WAS,RB,1,—,—,—,—,—,—,—,—,—,—,—,—,—,BYE,—,—,—,0.8,0.8,0.8
638,Brandon Allen   CIN,QB,1,—,—,—,—,—,—,—,—,0.8,BYE,—,—,—,—,—,—,—,—,0.8,0.8
640,Josh Johnson   SF,QB,1,—,—,—,—,—,—,—,—,BYE,—,—,—,—,0.7,—,—,—,—,0.7,0.7
640,Kylin Hill   GB,RB,1,—,—,—,—,—,—,—,—,0.7,—,—,—,—,BYE,—,—,—,—,0.7,0.7
642,Duke Johnson Jr.   BUF,RB,1,—,—,—,—,—,—,BYE,—,—,0.4,—,—,—,—,—,—,—,—,0.4,0.4
642,Ihmir Smith-Marsette   KC,WR,4,—,0.0,—,0.0,0.5,-0.1,—,BYE,—,—,—,—,—,—,—,—,—,—,0.1,0.4
644,Case Keenum   BUF,QB,2,—,0.2,—,—,0.1,—,BYE,—,—,—,—,—,—,—,—,—,—,—,0.2,0.3
645,Damien Williams   ATL,RB,1,0.2,—,—,—,—,—,—,—,—,—,—,—,—,BYE,—,—,—,—,0.2,0.2
646,Jordan Howard   NO,RB,1,—,—,—,—,—,—,—,—,—,0.1,—,—,—,BYE,—,—,—,—,0.1,0.1
647,Davis Cheek   CAR,QB,1,—,—,—,—,—,—,—,—,—,—,—,—,BYE,—,0.0,—,—,—,0.0,0.0
647,Emeka Emezie   ATL,WR,1,—,—,—,—,—,—,—,—,—,—,—,—,—,BYE,0.0,—,—,—,0.0,0.0
647,J.P. Holtz   NO,TE,1,—,—,—,0.0,—,—,—,—,—,—,—,—,—,BYE,—,—,—,—,0.0,0.0
647,Jake Funk   IND,RB,1,—,—,—,0.0,—,—,—,—,—,—,—,—,—,BYE,—,—,—,—,0.0,0.0
647,Noah Togiai   PHI,TE,1,0.0,—,—,—,—,—,BYE,—,—,—,—,—,—,—,—,—,—,—,0.0,0.0
647,Cethan Carter   MIA,TE,1,0.0,—,—,—,—,—,—,—,—,—,BYE,—,—,—,—,—,—,—,0.0,0.0
647,Justyn Ross   KC,WR,2,—,—,—,—,—,—,0.0,BYE,0.0,—,—,—,—,—,—,—,—,—,0.0,0.0
647,Logan Woodside   ATL,QB,1,—,—,—,—,—,—,—,0.0,—,—,—,—,—,BYE,—,—,—,—,0.0,0.0
647,James Washington   DAL,WR,1,—,—,—,—,—,—,—,—,BYE,—,—,—,—,0.0,—,—,—,—,0.0,0.0
647,Charlie Woerner   SF,TE,5,—,—,—,0.0,0.0,0.0,—,—,BYE,—,—,0.0,—,0.0,—,—,—,—,0.0,0.0
647,Kenjon Barner   TB,RB,1,—,—,—,0.0,—,—,—,—,—,—,BYE,—,—,—,—,—,—,—,0.0,0.0
647,Jared Pinkney   LAR,TE,2,—,—,—,—,—,—,BYE,0.0,—,0.0,—,—,—,—,—,—,—,—,0.0,0.0
647,C.J. Beathard   JAC,QB,4,—,—,-0.1,—,—,—,—,—,—,—,BYE,—,0.2,—,—,-0.3,0.2,—,0.0,0.0
647,Marcus Kemp   KC,WR,2,—,—,—,—,—,—,0.0,BYE,0.0,—,—,—,—,—,—,—,—,—,0.0,0.0
647,Quinn Nordin   NE,K,3,—,—,—,—,0.0,—,—,—,—,BYE,0.0,—,0.0,—,—,—,—,—,0.0,0.0
647,Josh Ali   ATL,WR,1,—,—,—,—,—,—,—,—,—,—,—,—,—,BYE,—,—,—,0.0,0.0,0.0
647,Dan Chisena   MIN,WR,2,—,—,—,—,0.0,—,BYE,—,0.0,—,—,—,—,—,—,—,—,—,0.0,0.0
647,Matt Corral   CAR,QB,2,0.0,—,—,—,—,—,—,—,—,—,—,—,BYE,0.0,—,—,—,—,0.0,0.0
647,Tanner Gentry   BUF,WR,1,—,—,—,—,0.0,—,BYE,—,—,—,—,—,—,—,—,—,—,—,0.0,0.0
647,Kevin Rader   TEN,TE,6,—,—,—,—,0.0,BYE,0.0,—,—,0.0,—,—,0.0,0.0,0.0,—,—,—,0.0,0.0
647,Cullen Gillaspia   SEA,RB,4,—,—,—,—,0.0,0.0,—,0.0,0.0,—,BYE,—,—,—,—,—,—,—,0.0,0.0
647,Tay Martin   SF,WR,1,—,—,—,—,—,—,—,—,BYE,—,—,—,—,—,—,—,0.0,—,0.0,0.0
647,Kirk Merritt   NO,WR,1,—,—,—,—,—,—,—,—,—,—,—,—,—,BYE,—,—,0.0,—,0.0,0.0
647,James Winchester   KC,TE,3,—,—,—,—,—,—,0.0,BYE,0.0,—,—,—,—,—,—,—,—,0.0,0.0,0.0
647,Nikola Kalinic   IND,TE,1,—,—,—,—,—,—,—,—,—,—,—,—,—,BYE,—,—,0.0,—,0.0,0.0
647,Trenton Cannon   TEN,RB,2,0.0,—,—,—,—,BYE,—,—,—,—,—,—,—,—,—,—,0.0,—,0.0,0.0
647,Rico Dowdle   DAL,RB,3,0.0,0.0,0.0,—,—,—,—,—,BYE,—,—,—,—,—,—,—,—,—,0.0,0.0
647,Qadree Ollison   DAL,RB,3,0.0,—,—,—,—,—,—,—,BYE,0.0,—,—,—,—,—,—,0.0,—,0.0,0.0
647,Malik Turner   HOU,WR,2,—,—,—,0.0,0.0,BYE,—,—,—,—,—,—,—,—,—,—,—,—,0.0,0.0
647,Bryant Koback   MIN,RB,2,—,—,—,—,—,—,BYE,—,—,—,—,—,0.0,—,—,—,0.0,—,0.0,0.0
647,Jermar Jefferson   DET,RB,1,0.0,—,—,—,—,BYE,—,—,—,—,—,—,—,—,—,—,—,—,0.0,0.0
647,Justin Hardee Sr.   NYJ,WR,12,0.0,0.0,—,0.0,0.0,0.0,0.0,0.0,0.0,BYE,0.0,—,—,0.0,—,0.0,0.0,—,0.0,0.0
647,Britain Covey   PHI,WR,17,0.0,0.0,0.0,0.0,0.0,0.0,BYE,0.0,0.0,0.0,0.0,0.0,0.0,0.0,0.0,0.0,0.0,0.0,0.0,0.0
647,Cody Thompson   SEA,WR,1,—,—,0.0,—,—,—,—,—,—,—,BYE,—,—,—,—,—,—,—,0.0,0.0
647,Beau Brinkley   ATL,TE,2,—,—,—,—,—,—,—,—,—,0.0,—,—,0.0,BYE,—,—,—,—,0.0,0.0
647,Brittain Brown   LV,RB,1,—,—,—,—,—,BYE,—,—,—,—,0.0,—,—,—,—,—,—,—,0.0,0.0
647,Jake Tonges   CHI,TE,2,—,—,0.0,0.0,—,—,—,—,—,—,—,—,—,BYE,—,—,—,—,0.0,0.0
647,Khari Blasingame   CHI,RB,5,—,—,0.0,—,—,0.0,—,—,—,—,—,0.0,—,BYE,0.0,0.0,—,—,0.0,0.0
647,Marken Michel   WAS,WR,1,—,—,—,—,—,—,—,—,—,0.0,—,—,—,BYE,—,—,—,—,0.0,0.0
647,Albert Wilson   LV,WR,3,—,—,—,—,—,BYE,—,—,0.0,—,0.0,—,0.0,—,—,—,—,—,0.0,0.0
647,Trinity Benson   DET,WR,1,—,—,—,—,—,BYE,—,—,—,0.0,—,—,—,—,—,—,—,—,0.0,0.0
647,Stanley Berryhill III   DET,WR,1,—,—,—,—,—,BYE,—,—,—,0.0,—,—,—,—,—,—,—,—,0.0,0.0
647,Brandon Zylstra   DET,WR,2,—,—,—,—,—,BYE,—,—,0.0,—,—,—,—,—,—,—,0.0,—,0.0,0.0
647,Tyree Jackson   PHI,TE,2,—,—,—,—,—,—,BYE,—,—,—,0.0,—,—,—,0.0,—,—,—,0.0,0.0
647,Sandro Platzgummer   NYG,RB,1,—,—,—,—,—,—,—,—,BYE,0.0,—,—,—,—,—,—,—,—,0.0,0.0
647,Feleipe Franks   ATL,QB,7,—,—,0.0,0.0,0.0,—,0.0,0.0,—,—,—,—,0.0,BYE,0.0,—,—,—,0.0,0.0
647,Raleigh Webb   NE,WR,3,—,0.0,—,—,—,—,—,—,—,BYE,—,—,—,0.0,0.0,—,—,—,0.0,0.0
647,Binjimen Victor   BAL,WR,1,—,—,—,—,—,—,—,—,0.0,BYE,—,—,—,—,—,—,—,—,0.0,0.0
647,Matthew Slater   NE,WR,9,—,0.0,—,0.0,—,—,—,—,0.0,BYE,0.0,—,0.0,0.0,—,0.0,0.0,0.0,0.0,0.0
647,Josh Gordon   TEN,WR,1,—,0.0,—,—,—,BYE,—,—,—,—,—,—,—,—,—,—,—,—,0.0,0.0
647,Rashard Higgins   CAR,WR,1,—,—,—,—,—,—,—,—,0.0,—,—,—,BYE,—,—,—,—,—,0.0,0.0
647,Kenny Yeboah   NYJ,TE,3,—,0.0,—,—,—,—,—,—,—,BYE,—,—,—,0.0,—,0.0,—,—,0.0,0.0
647,Ben Mason   BAL,RB,1,—,—,—,—,—,—,—,—,—,BYE,0.0,—,—,—,—,—,—,—,0.0,0.0
647,Tanner Conner   MIA,TE,5,—,0.0,0.0,0.0,0.0,0.0,—,—,—,—,BYE,—,—,—,—,—,—,—,0.0,0.0
647,Jashaun Corbin   NYG,RB,2,—,—,—,—,—,—,—,—,BYE,—,—,0.0,—,—,—,—,—,0.0,0.0,0.0
647,Ramiz Ahmed   GB,K,1,—,—,—,—,—,—,—,—,—,0.0,—,—,—,BYE,—,—,—,—,0.0,0.0
647,Lance McCutcheon   LAR,WR,4,—,—,—,—,—,—,BYE,—,—,—,—,0.0,—,0.0,—,0.0,0.0,—,0.0,0.0
647,Alex Erickson   WAS,WR,2,—,—,—,—,—,—,—,—,—,—,—,0.0,0.0,BYE,—,—,—,—,0.0,0.0
647,Hunter Long   MIA,TE,3,—,—,0.0,—,—,0.0,—,0.0,—,—,BYE,—,—,—,—,—,—,—,0.0,0.0
647,Alex Bachman   HOU,WR,1,—,—,—,—,—,BYE,—,—,—,—,—,0.0,—,—,—,—,—,—,0.0,0.0
647,Nick Boyle   BAL,TE,3,—,—,—,—,—,—,—,—,—,BYE,—,0.0,0.0,—,—,0.0,—,—,0.0,0.0
647,La'Mical Perine   MIA,RB,1,—,—,—,—,—,—,—,—,0.0,—,BYE,—,—,—,—,—,—,—,0.0,0.0
647,Chris Pierce Jr.   ARI,TE,1,—,—,—,—,—,—,—,—,—,—,—,0.0,BYE,—,—,—,—,—,0.0,0.0
647,Stanley Morgan Jr.   CIN,WR,10,0.0,—,0.0,0.0,0.0,—,—,—,0.0,BYE,0.0,0.0,0.0,0.0,0.0,—,—,—,0.0,0.0
647,Andre Roberts   CAR,WR,3,0.0,—,—,—,—,—,—,—,—,—,—,—,BYE,—,—,—,0.0,0.0,0.0,0.0
647,Austin Allen   GB,TE,2,—,—,0.0,0.0,—,—,—,—,—,—,—,—,—,BYE,—,—,—,—,0.0,0.0
647,Quinton Bell   ATL,WR,3,0.0,—,—,—,—,0.0,—,—,—,—,—,—,0.0,BYE,—,—,—,—,0.0,0.0
647,Miller Forristall   CLE,TE,1,—,—,0.0,—,—,—,—,—,BYE,—,—,—,—,—,—,—,—,—,0.0,0.0
647,Matt Barkley   BUF,QB,1,—,—,—,—,—,—,BYE,—,—,—,—,0.0,—,—,—,—,—,—,0.0,0.0
647,Brandin Bryant   BUF,RB,2,—,0.0,—,0.0,—,—,BYE,—,—,—,—,—,—,—,—,—,—,—,0.0,0.0
647,John Lovett   CAR,RB,1,—,—,—,—,—,0.0,—,—,—,—,—,—,BYE,—,—,—,—,—,0.0,0.0
718,KaVontae Turpin   DAL,WR,17,0.0,0.3,0.0,0.0,0.0,0.0,0.3,1.1,BYE,1.9,0.0,0.0,0.0,-2.0,0.0,0.0,0.0,-2.0,0.0,-0.4
718,Nate Sudfeld   DET,QB,2,—,—,—,—,—,BYE,—,—,—,—,—,—,-0.1,—,—,—,-0.3,—,-0.2,-0.4
720,Chad Henne   KC,QB,3,0.0,—,—,—,—,—,-0.3,BYE,—,—,—,—,—,—,—,—,—,-0.2,-0.2,-0.5
721,Tim Boyle   CHI,QB,1,—,—,—,—,—,—,—,—,—,—,—,—,—,BYE,—,—,—,-0.9,-0.9,-0.9
722,Taiwan Jones   BUF,RB,7,0.0,0.0,—,—,0.0,—,BYE,—,—,—,—,—,—,0.0,0.0,0.0,—,-2.0,-0.3,-2.0
722,Chester Rogers   CLE,WR,3,—,—,0.0,—,0.0,-2.0,—,—,BYE,—,—,—,—,—,—,—,—,—,-0.7,-2.0